league_code,team_id,team_name,player_id,player_name
POR1,15130,Estrela,325717,André Luiz
POR1,15130,Estrela,382211,Euri
POR1,15130,Estrela,1255,Till Cissokho
POR1,15130,Estrela,237194,Daniel Cabral
POR1,15130,Estrela,308689,Sidny Lopes Cabral
POR1,15130,Estrela,129959,Atanas Chernev
POR1,15130,Estrela,288705,Leonel Bucca
POR1,15130,Estrela,336575,Diogo Travassos
POR1,15130,Estrela,6288,Alan Ruiz
POR1,15130,Estrela,181802,Gerson Sousa
POR1,15130,Estrela,502670,João Moisés Gastão
POR1,15130,Estrela,182556,Alan Godoy
POR1,15130,Estrela,387185,Manuel Keliano
POR1,15130,Estrela,479719,Georgiy Tunguliyadi
POR1,15130,Estrela,386310,Guilherme Montóia
POR1,15130,Estrela,195482,Bernardo Schappo
POR1,15130,Estrela,41715,Francisco Meixedo
POR1,15130,Estrela,41123,Rúben Lima
POR1,15130,Estrela,161702,Danilo Veiga
POR1,15130,Estrela,484311,Alex Sola
POR1,15130,Estrela,455316,Tiago Gabriel
POR1,15130,Estrela,313569,João Resende
POR1,15130,Estrela,180961,Luan Patrick
POR1,15130,Estrela,185828,Assane Ndiaye Dione
POR1,15130,Estrela,43282,Ianis Stoica
POR1,15130,Estrela,351156,Bilal Mazhar
POR1,15130,Estrela,405834,Semeu Commey
POR1,15130,Estrela,3328,Chico Banza
POR1,15130,Estrela,41290,Rodrigo Pinho
POR1,15130,Estrela,304022,Marko Gudžulić
POR1,15130,Estrela,322067,Igor Jesus
POR1,15130,Estrela,362888,Juan Mina
POR1,15130,Estrela,472432,Sérgio Malé
POR1,15130,Estrela,336603,Jorge Meireles
POR1,15130,Estrela,425787,Manu
POR1,15130,Estrela,304735,Tiago Ferreira
POR1,15130,Estrela,434913,Botché Candé
POR1,15130,Estrela,418774,Otávio
POR1,15130,Estrela,126937,Léo Cordeiro
POR1,15130,Estrela,352374,Petterson
POR1,15130,Estrela,479327,Caio Santana
POR1,15130,Estrela,166726,Gustavo Henrique
POR1,15130,Estrela,41760,Amine Oudrhiri
POR1,15130,Estrela,382211,Euri Carvalho
POR1,15130,Estrela,281138,Fábio Ronaldo
POR1,15130,Estrela,96476,João Costa
POR1,15130,Estrela,41484,Bruno Brígido
POR1,15130,Estrela,336676,Diogo Pinto
POR1,15130,Estrela,278941,Abraham Marcus
POR1,15130,Estrela,14502,Renato Pantalon
POR1,15130,Estrela,1494,Jovane Cabral
POR1,15130,Estrela,2128,Miguel Lopes
POR1,15130,Estrela,152933,Nilton Varela
POR1,15130,Estrela,566,Ferro
POR1,15130,Estrela,41248,Kikas
POR1,15130,Estrela,163095,Issiar Drame
POR1,15130,Estrela,142096,Paulo Moreira
POR1,15130,Estrela,404757,Robinho
POR1,15130,Estrela,50940,Nani
POR1,15130,Estrela,1471,Renan Ribeiro
POR1,242,Famalicao,391228,Umar Abubakar
POR1,242,Famalicao,127621,Riccieli
POR1,242,Famalicao,333286,Gabriel Cabral
POR1,242,Famalicao,16370,Leonardo Realpe
POR1,242,Famalicao,558,Ivan Zlobin
POR1,242,Famalicao,41154,Rochinha
POR1,242,Famalicao,379985,Gustavo Sá
POR1,242,Famalicao,133194,Calegari
POR1,242,Famalicao,418944,Marcos Peña
POR1,242,Famalicao,36884,Justin De Haas
POR1,242,Famalicao,273296,Otar Mamageishvili
POR1,242,Famalicao,323824,Václav Sejk
POR1,242,Famalicao,16370,Léo Realpe
POR1,242,Famalicao,336675,Diogo Cabral
POR1,242,Famalicao,41966,Francisco Moura
POR1,242,Famalicao,457101,Yassir Zabiri
POR1,242,Famalicao,298069,Otso Liimatta
POR1,242,Famalicao,293717,Pedro Bondo
POR1,242,Famalicao,38125,Tom Van De Looi
POR1,242,Famalicao,237065,Óscar Aranda
POR1,242,Famalicao,45947,Mirko Topić
POR1,242,Famalicao,446827,Ibrahima Ba
POR1,242,Famalicao,41149,Rafa Soares
POR1,242,Famalicao,335042,Pedro Santos
POR1,242,Famalicao,104827,Mario González
POR1,242,Famalicao,420402,Afonso Rodrigues
POR1,242,Famalicao,361390,Leonardo de Oliveira
POR1,242,Famalicao,26772,Enea Mihaj
POR1,242,Famalicao,361354,Romeo Beney
POR1,242,Famalicao,378332,Samuel Lobato
POR1,242,Famalicao,469767,Diogo Costa
POR1,242,Famalicao,305931,Sorriso
POR1,242,Famalicao,427854,Rodrigo Ribeiro
POR1,242,Famalicao,237101,Gustavo García
POR1,242,Famalicao,163466,Lazar Carević
POR1,242,Famalicao,1272,Zaydou Youssouf
POR1,242,Famalicao,190985,Simon Elisor
POR1,242,Famalicao,279508,Hugo Cunha
POR1,242,Famalicao,1615,Gil Dias
POR1,242,Famalicao,128380,Rodrigo Pinheiro
POR1,242,Famalicao,356035,Mathias De Amorim
POR1,231,Farense,330411,Miguel Menino
POR1,231,Farense,428138,André Candeias
POR1,231,Farense,41878,Miguel Carvalho
POR1,231,Farense,324842,André Seruca
POR1,231,Farense,19401,Marco Matias
POR1,231,Farense,41960,Ricardo Velho
POR1,231,Farense,324844,Zé Carlos
POR1,231,Farense,162138,Marco Moreno
POR1,231,Farense,299923,Mohamed Belloumi
POR1,231,Farense,104439,Jaime Pinto
POR1,231,Farense,41265,Lucas Áfrico
POR1,231,Farense,146048,Tomás Ribeiro
POR1,231,Farense,41386,Artur Jorge
POR1,231,Farense,41338,Claudio Falcão
POR1,231,Farense,14318,Talys
POR1,231,Farense,104835,Darío Poveda
POR1,231,Farense,470394,Rafael Teixeira
POR1,231,Farense,41527,Rafael Barbosa
POR1,231,Farense,348897,Kaique
POR1,231,Farense,21502,Mehdi Merghem
POR1,231,Farense,111,Rony Lopes
POR1,231,Farense,206260,Lucas Cañizares
POR1,231,Farense,350386,Bruno Santos
POR1,231,Farense,479328,Geovanny Almeida
POR1,231,Farense,41531,Elves Baldé
POR1,231,Farense,197253,Pastor
POR1,231,Farense,41614,Filipe Soares
POR1,231,Farense,332370,Rivaldo
POR1,231,Farense,41132,Neto
POR1,231,Farense,182668,Álex Millán
POR1,231,Farense,129697,Álex Bermejo Escribano
POR1,231,Farense,41453,Tomané
POR1,231,Farense,41096,Raúl Silva
POR1,231,Farense,13785,John Jairo Velásquez
POR1,231,Farense,41750,Derick Poloni
POR1,231,Farense,338748,Samuel Justo
POR1,231,Farense,41737,Rui Costa
POR1,231,Farense,41317,Yusupha Njie
POR1,231,Farense,238338,Paulo Victor
POR1,228,Sporting CP,458197,José Silva
POR1,228,Sporting CP,371915,Manuel Mendonça
POR1,228,Sporting CP,341641,Rodrigo Ribeiro
POR1,228,Sporting CP,404243,Bruno Ramos
POR1,228,Sporting CP,336575,Diogo Travassos
POR1,228,Sporting CP,41324,Ricardo Mangas
POR1,228,Sporting CP,41179,Matheus Reis
POR1,228,Sporting CP,430774,Alexandre Brito
POR1,228,Sporting CP,51776,Maximiliano Araújo
POR1,228,Sporting CP,119795,Giorgi Kochorashvili
POR1,228,Sporting CP,18979,Viktor Gyökeres
POR1,228,Sporting CP,449626,Eduardo Felicíssimo
POR1,228,Sporting CP,423300,Miguel Alves
POR1,228,Sporting CP,361417,Francisco Silva
POR1,228,Sporting CP,430775,Luís Gomes
POR1,228,Sporting CP,18755,João Virgínia
POR1,228,Sporting CP,41099,Ricardo Esgaio
POR1,228,Sporting CP,400509,João Simões
POR1,228,Sporting CP,47237,Luis Javier Suárez
POR1,228,Sporting CP,265595,Gonçalo Inácio
POR1,228,Sporting CP,70336,Vladan Kovačević
POR1,228,Sporting CP,341700,Iván Fresneda
POR1,228,Sporting CP,41112,Francisco Trincão
POR1,228,Sporting CP,32960,Hidemasa Morita
POR1,228,Sporting CP,37882,Marcus Edwards
POR1,228,Sporting CP,423300,Miguel Monteiro Alves
POR1,228,Sporting CP,262845,Eduardo Quaresma
POR1,228,Sporting CP,18748,Pedro Gonçalves
POR1,228,Sporting CP,385674,Mauro Couto
POR1,228,Sporting CP,345426,Henrique Arreiol
POR1,228,Sporting CP,135839,Giorgos Vagiannidis
POR1,228,Sporting CP,308678,Dário Essugo
POR1,228,Sporting CP,7712,Morten Hjulmand
POR1,228,Sporting CP,46672,Rui Silva
POR1,228,Sporting CP,354753,Ousmane Diomande
POR1,228,Sporting CP,310943,Alisson Santos
POR1,228,Sporting CP,154839,Geny Catamo
POR1,228,Sporting CP,345388,Afonso Moreira
POR1,228,Sporting CP,419582,Geovany Quenda
POR1,228,Sporting CP,419916,Conrad Harder
POR1,228,Sporting CP,56266,Franco Israel
POR1,228,Sporting CP,460471,Kauã Oliveira
POR1,228,Sporting CP,41194,Nuno Santos
POR1,228,Sporting CP,305817,Biel
POR1,228,Sporting CP,41892,Daniel Bragança
POR1,228,Sporting CP,386820,Rafael Nel
POR1,228,Sporting CP,330296,Diego Callai
POR1,228,Sporting CP,37148,Jeremiah St. Juste
POR1,228,Sporting CP,416862,Lucas Anjos
POR1,228,Sporting CP,304228,Zeno Debast
POR1,4716,Casa Pia,365011,Kaly
POR1,4716,Casa Pia,181865,Yassin Oukili
POR1,4716,Casa Pia,278783,Tiago Morais
POR1,4716,Casa Pia,46879,André Geraldes
POR1,4716,Casa Pia,10470,Cassiano
POR1,4716,Casa Pia,237192,Beni Mukendi
POR1,4716,Casa Pia,193293,Ruben Kluivert
POR1,4716,Casa Pia,278896,Raúl Blanco
POR1,4716,Casa Pia,518567,Renato Nhaga
POR1,4716,Casa Pia,163481,João Goulart
POR1,4716,Casa Pia,2675,José Fonte
POR1,4716,Casa Pia,378961,Isaac Monteiro
POR1,4716,Casa Pia,191086,Iyad Mohamed
POR1,4716,Casa Pia,144303,Telasco Segovia
POR1,4716,Casa Pia,63962,Sebastián Pérez
POR1,4716,Casa Pia,135148,Patrick Sequeira
POR1,4716,Casa Pia,278896,Raul Garcia Gonzalez
POR1,4716,Casa Pia,163260,Nuno Moreira
POR1,4716,Casa Pia,359436,Oluwakorede Osundina
POR1,4716,Casa Pia,126711,Andrian Kraev
POR1,4716,Casa Pia,178878,Kelian Nsona
POR1,4716,Casa Pia,286606,Max Svensson
POR1,4716,Casa Pia,20834,Jérémy Livolant
POR1,4716,Casa Pia,41563,Daniel Azevedo
POR1,4716,Casa Pia,80670,Pablo
POR1,4716,Casa Pia,43147,Ricardo Batista
POR1,4716,Casa Pia,22251,Duplexe Tchamba
POR1,4716,Casa Pia,162593,Henrique Pereira
POR1,4716,Casa Pia,8817,Nermin Zolotić
POR1,4716,Casa Pia,365011,Domingos Jose Gabriel Bandeira
POR1,4716,Casa Pia,134822,Rafael Brito
POR1,4716,Casa Pia,119883,Samuel Obeng
POR1,4716,Casa Pia,9990,Kaique Rocha
POR1,4716,Casa Pia,128365,Gaizka Larrazabal
POR1,4716,Casa Pia,198470,Fahem Benaissa-Yahia
POR1,4716,Casa Pia,195473,Cauê
POR1,4716,Casa Pia,187916,Miguel Sousa
POR1,4716,Casa Pia,142484,Leonardo Lelo
POR1,4716,Casa Pia,41987,Tiago Dias
POR1,227,Santa Clara,9298,Alisson Safira
POR1,227,Santa Clara,443576,Alysson Silva
POR1,227,Santa Clara,465173,Henrique Silva
POR1,227,Santa Clara,333245,Italo Cabelinho
POR1,227,Santa Clara,10152,Gabriel Batista
POR1,227,Santa Clara,279452,João Costa
POR1,227,Santa Clara,107044,Bruno Almeida
POR1,227,Santa Clara,100533,Pedro Pacheco
POR1,227,Santa Clara,238338,Paulo Victor
POR1,227,Santa Clara,305805,Rodrigo Varanda
POR1,227,Santa Clara,41145,Frederico Venâncio
POR1,227,Santa Clara,41799,Guilherme Ramos
POR1,227,Santa Clara,307334,Brenner
POR1,227,Santa Clara,329660,Gustavo Klismahn
POR1,227,Santa Clara,305839,Matheus Araújo
POR1,227,Santa Clara,434546,José Tavares
POR1,227,Santa Clara,279580,Serginho
POR1,227,Santa Clara,141289,Sidney Lima
POR1,227,Santa Clara,195091,Matheus Pereira
POR1,227,Santa Clara,10367,Vinícius Lopes
POR1,227,Santa Clara,9298,Allison Safira
POR1,227,Santa Clara,41546,Luís Rocha
POR1,227,Santa Clara,354817,Neneca
POR1,227,Santa Clara,201155,Daniel Borges
POR1,227,Santa Clara,353953,Edney Henrique
POR1,227,Santa Clara,162593,Henrique Pereira
POR1,227,Santa Clara,502518,Gustavo Veiga
POR1,227,Santa Clara,9849,Matheusinho
POR1,227,Santa Clara,106487,Lucas Soares
POR1,227,Santa Clara,349325,Habraão
POR1,227,Santa Clara,178913,Ricardinho
POR1,227,Santa Clara,507618,Vital Maia
POR1,227,Santa Clara,482067,Adriel Guilherme de Moraes
POR1,227,Santa Clara,41805,Pedro Ferreira
POR1,227,Santa Clara,41234,Diogo Calila
POR1,227,Santa Clara,126761,Adriano Firmino
POR1,227,Santa Clara,80522,Wendel Silva
POR1,227,Santa Clara,278350,Elias Manoel
POR1,227,Santa Clara,266630,Gabriel Silva
POR1,212,FC Porto,330419,Alberto Costa
POR1,212,FC Porto,41964,Zé Pedro
POR1,212,FC Porto,126899,Zaidu Sanusi
POR1,212,FC Porto,449243,William Gomes
POR1,212,FC Porto,133453,Borja Sainz
POR1,212,FC Porto,358628,Samu Omorodion
POR1,212,FC Porto,237165,Domingos Andrade
POR1,212,FC Porto,41966,Francisco Moura
POR1,212,FC Porto,358628,Samuel Aghehowa
POR1,212,FC Porto,182504,Gabri Veiga
POR1,212,FC Porto,266013,Otávio
POR1,212,FC Porto,25350,Marko Grujić
POR1,212,FC Porto,358628,Samuel Omorodion
POR1,212,FC Porto,1479,Tiago Djaló
POR1,212,FC Porto,41725,Fábio Vieira
POR1,212,FC Porto,41734,João Mário
POR1,212,FC Porto,404097,Rodrigo Mora
POR1,212,FC Porto,46828,Iván Jaime
POR1,212,FC Porto,336596,Martim Fernandes
POR1,212,FC Porto,278375,Alan Varela
POR1,212,FC Porto,161933,Nico González
POR1,212,FC Porto,414544,Tomás Pérez
POR1,212,FC Porto,130256,André Franco
POR1,212,FC Porto,970,Wendell
POR1,212,FC Porto,10500,Pepê
POR1,212,FC Porto,246,Luuk de Jong
POR1,212,FC Porto,773,Iván Marcano
POR1,212,FC Porto,388570,Deniz Gul
POR1,212,FC Porto,336683,Gabriel Brás
POR1,212,FC Porto,392252,André Oliveira
POR1,212,FC Porto,35570,Stephen Eustaquio
POR1,212,FC Porto,936,Fran Navarro
POR1,212,FC Porto,369,Diogo Costa
POR1,212,FC Porto,41197,Wenderson Galeno
POR1,212,FC Porto,128385,Gonçalo Borges
POR1,212,FC Porto,358628,Samu Aghehowa
POR1,212,FC Porto,388872,Victor Froholdt
POR1,212,FC Porto,340572,Dominik Prpić
POR1,212,FC Porto,41432,Cláudio Ramos
POR1,212,FC Porto,37,Nehuén Pérez
POR1,212,FC Porto,388570,Deniz Gül
POR1,212,FC Porto,325830,Vasco Sousa
POR1,212,FC Porto,80667,Samuel
POR1,212,FC Porto,2999,Jan Bednarek
POR1,212,FC Porto,19625,Danny Namaso
POR1,226,Rio Ave,325717,André Luiz
POR1,226,Rio Ave,275567,Nelson Abbey
POR1,226,Rio Ave,417464,Karse
POR1,226,Rio Ave,278783,Tiago Morais
POR1,226,Rio Ave,310442,Nikolaos Athanasiou
POR1,226,Rio Ave,41335,Vítor Gomes
POR1,226,Rio Ave,36794,Marios Vrousai
POR1,226,Rio Ave,335040,João Tomé
POR1,226,Rio Ave,84088,Jonathan Panzo
POR1,226,Rio Ave,119633,Kiko Bondoso
POR1,226,Rio Ave,41101,João Novais
POR1,226,Rio Ave,406377,Francisco Petrasso
POR1,226,Rio Ave,202084,Andreas Ndoj
POR1,226,Rio Ave,199936,Ole Pohlmann
POR1,226,Rio Ave,417556,Konstantinos Kostoulas
POR1,226,Rio Ave,9602,Patrick William
POR1,226,Rio Ave,414529,Tobias Medina
POR1,226,Rio Ave,443714,Theofanis Bakoulas
POR1,226,Rio Ave,271580,Martim Neto
POR1,226,Rio Ave,336570,Demir Ege Tıknaz
POR1,226,Rio Ave,502198,Tim Sousa
POR1,226,Rio Ave,443808,Angelo Sina
POR1,226,Rio Ave,518668,Naziru Shuabiu
POR1,226,Rio Ave,467904,Dijar Ferati
POR1,226,Rio Ave,19610,Omar Richards
POR1,226,Rio Ave,1617,Ahmed Hassan
POR1,226,Rio Ave,311286,João Pedro
POR1,226,Rio Ave,9904,Matheus Teixeira
POR1,226,Rio Ave,44419,Aderllan Santos
POR1,226,Rio Ave,275725,Julien Lomboto
POR1,226,Rio Ave,14198,Kevin Chamorro
POR1,226,Rio Ave,429026,Amine Rehmi
POR1,226,Rio Ave,96308,João Graça
POR1,226,Rio Ave,47067,Marc Gual
POR1,226,Rio Ave,41760,Amine Oudrhiri
POR1,226,Rio Ave,361415,João Muniz
POR1,226,Rio Ave,281138,Fábio Ronaldo
POR1,226,Rio Ave,26769,Georgios Liavas
POR1,226,Rio Ave,424375,Antonis Papakanellos
POR1,226,Rio Ave,14502,Renato Pantalon
POR1,226,Rio Ave,41115,Jhonatan
POR1,226,Rio Ave,40386,Cezary Miszta
POR1,226,Rio Ave,195580,Clayton
POR1,226,Rio Ave,14206,Brandon Aguilera
POR1,226,Rio Ave,371927,Karem Zoabi
POR1,211,Benfica,158378,Enzo Barrenechea
POR1,211,Benfica,162595,Samuel Soares
POR1,211,Benfica,37155,Orkun Kökçü
POR1,211,Benfica,400525,Gonçalo Oliveira
POR1,211,Benfica,575,Florentino Luís
POR1,211,Benfica,67943,Morato
POR1,211,Benfica,135505,Samuel Dahl
POR1,211,Benfica,284300,Álvaro Carreras
POR1,211,Benfica,25918,Leandro Barreiro
POR1,211,Benfica,25313,Jan-Niklas Beste
POR1,211,Benfica,30509,Andrea Belotti
POR1,211,Benfica,161939,Tomás Araújo
POR1,211,Benfica,7318,Amar Dedić
POR1,211,Benfica,195104,Richard Ríos
POR1,211,Benfica,304827,Gustavo Marques
POR1,211,Benfica,345427,João Rêgo
POR1,211,Benfica,158065,Tiago Gouveia
POR1,211,Benfica,36798,Vangelis Pavlidis
POR1,211,Benfica,474842,Leandro Santos
POR1,211,Benfica,301528,Andreas Schjelderup
POR1,211,Benfica,140947,Issa Kaboré
POR1,211,Benfica,162098,Henrique Araújo
POR1,211,Benfica,362755,Gianluca Prestianni
POR1,211,Benfica,180320,Adrian Bajrami
POR1,211,Benfica,675,Anatoliy Trubin
POR1,211,Benfica,271580,Martim Neto
POR1,211,Benfica,335050,Nuno Félix
POR1,211,Benfica,266,Ángel Di María
POR1,211,Benfica,331832,António Silva
POR1,211,Benfica,15623,Alexander Bah
POR1,211,Benfica,39043,Fredrik Aursnes
POR1,211,Benfica,9938,Arthur Cabral
POR1,211,Benfica,202951,Franjo Ivanović
POR1,211,Benfica,142959,Kerem Aktürkoğlu
POR1,211,Benfica,119485,Benjamín Rollheiser
POR1,211,Benfica,513,Renato Sanches
POR1,211,Benfica,1163,Bruma
POR1,211,Benfica,265722,Rafael Obrador
POR1,211,Benfica,364811,Diogo Prioste
POR1,211,Benfica,267771,Marcos Leonardo
POR1,211,Benfica,123469,Zeki Amdouni
POR1,211,Benfica,624,Nicolás Otamendi
POR1,211,Benfica,287592,Manuel Silva
POR1,222,Boavista,419679,Tiago Machado
POR1,222,Boavista,41588,Ilija Vukotić
POR1,222,Boavista,379078,Joel Silva
POR1,222,Boavista,510353,Sidoine Fogning
POR1,222,Boavista,93587,Marco van Ginkel
POR1,222,Boavista,10153,César Dutra
POR1,222,Boavista,432022,Tome Sousa
POR1,222,Boavista,263,Layvin Kurzawa
POR1,222,Boavista,44920,Gboly Ariyibi
POR1,222,Boavista,63962,Sebastián Pérez
POR1,222,Boavista,430068,Marco Ribeiro
POR1,222,Boavista,68444,Manuel Namora
POR1,222,Boavista,1495,Abdoulay Diaby
POR1,222,Boavista,19579,Osman Kakay
POR1,222,Boavista,477138,João Barros
POR1,222,Boavista,389587,Gonçalo Miguel
POR1,222,Boavista,483974,Fábio Sambú
POR1,222,Boavista,432022,Tomé Sousa
POR1,222,Boavista,40440,Steven Vitória
POR1,222,Boavista,379079,Pedro Gomes
POR1,222,Boavista,96386,Vitaliy Lystsov
POR1,222,Boavista,40407,Salvador Agra
POR1,222,Boavista,491904,Leo Ferreira
POR1,222,Boavista,41463,Filipe Ferreira
POR1,222,Boavista,477139,Alexandre Marques
POR1,222,Boavista,51478,Rodrigo Abascal
POR1,222,Boavista,2037,Tomáš Vaclík
POR1,222,Boavista,129774,João Gonçalves
POR1,222,Boavista,379077,Augusto Dabo
POR1,222,Boavista,480399,Tomás Silva
POR1,222,Boavista,389587,Gonçalo Almeida
POR1,222,Boavista,25138,Moussa Koné
POR1,222,Boavista,337513,Diego Llorente
POR1,222,Boavista,278196,Bruno Onyemaechi
POR1,222,Boavista,42010,Miguel Reisinho
POR1,222,Boavista,61245,Róbert Boženík
POR1,222,Boavista,419679,Machado
POR1,222,Boavista,41126,Ibrahima Camará
POR1,21595,AVS,41753,Luís Silva
POR1,21595,AVS,341641,Rodrigo Ribeiro
POR1,21595,AVS,47540,Ángel Algobia
POR1,21595,AVS,325664,Babatunde Akinsola
POR1,21595,AVS,41244,Jonatan Lucca
POR1,21595,AVS,2098,Guillermo Ochoa
POR1,21595,AVS,126897,Zé Ricardo
POR1,21595,AVS,41114,Pedro Trigueira
POR1,21595,AVS,33291,Gerson Rodrigues
POR1,21595,AVS,41527,Rafael Barbosa
POR1,21595,AVS,162108,Guillem Molina
POR1,21595,AVS,237122,John Mercado
POR1,21595,AVS,41362,Lucas Fernandes
POR1,21595,AVS,174693,Baptiste Roux
POR1,21595,AVS,30756,Lucas Piazón
POR1,21595,AVS,301354,Samuel Granada
POR1,21595,AVS,381634,Gustavo Mendonca
POR1,21595,AVS,383203,Guilherme Neiva
POR1,21595,AVS,237085,Diego Duarte
POR1,21595,AVS,41720,Fernando Fonseca
POR1,21595,AVS,162109,Jordi Escobar
POR1,21595,AVS,303972,Léo Alaba
POR1,21595,AVS,8499,Jorge Teixeira
POR1,21595,AVS,385720,Edson Mucuana
POR1,21595,AVS,41576,Tomás Tavares
POR1,21595,AVS,44419,Aderllan Santos
POR1,21595,AVS,141861,Vasco Lopes
POR1,21595,AVS,196341,Cristian Castro
POR1,21595,AVS,9480,Simão
POR1,21595,AVS,26284,Eric Veiga
POR1,21595,AVS,383000,Issiaka Kamate
POR1,21595,AVS,42,Gustavo Assunção
POR1,21595,AVS,279802,Pedro Lima
POR1,21595,AVS,41230,Kiki Afonso
POR1,21595,AVS,13312,Yair Mena
POR1,21595,AVS,1795,Zé Luís
POR1,21595,AVS,129774,João Gonçalves
POR1,21595,AVS,47166,Giorgi Aburjania
POR1,21595,AVS,304589,Ignacio Rodríguez
POR1,21595,AVS,197511,Tiago Galletto
POR1,21595,AVS,525922,Antonio Machado
POR1,21595,AVS,98971,Kobamelo Kodisang
POR1,21595,AVS,751,Jaume Grau
POR1,21595,AVS,41138,Nenê
POR1,21595,AVS,162184,Rafael Rodrigues
POR1,224,Guimaraes,443671,Oumar Camara
POR1,224,Guimaraes,141841,Filipe Relvas
POR1,224,Guimaraes,330419,Alberto Costa
POR1,224,Guimaraes,338860,Marco Cruz
POR1,224,Guimaraes,353366,Gustavo Silva
POR1,224,Guimaraes,41592,Úmaro Embaló
POR1,224,Guimaraes,41324,Ricardo Mangas
POR1,224,Guimaraes,505843,Rodrigo Silva
POR1,224,Guimaraes,309155,Hevertton Santos
POR1,224,Guimaraes,237192,Beni Mukendi
POR1,224,Guimaraes,400510,Diogo Sousa
POR1,224,Guimaraes,308315,Vando Felix
POR1,224,Guimaraes,324844,Zé Carlos
POR1,224,Guimaraes,41441,Jorge Fernandes
POR1,224,Guimaraes,146048,Tomás Ribeiro
POR1,224,Guimaraes,275524,Alioune Ndoye
POR1,224,Guimaraes,59609,Juan Castillo
POR1,224,Guimaraes,527,Bruno Varela
POR1,224,Guimaraes,184615,Óscar Rivas
POR1,224,Guimaraes,187926,Tomás Händel
POR1,224,Guimaraes,41587,Nuno Santos
POR1,224,Guimaraes,400510,Diogo Lobao
POR1,224,Guimaraes,319841,Fabio Blanco
POR1,224,Guimaraes,103958,Jesús Ramírez
POR1,224,Guimaraes,1475,Bruno Gaspar
POR1,224,Guimaraes,330419,Alberto Baio
POR1,224,Guimaraes,41447,João Mendes
POR1,224,Guimaraes,41259,Charles
POR1,224,Guimaraes,47156,Orest Lebedenko
POR1,224,Guimaraes,41303,Samu
POR1,224,Guimaraes,265556,Telmo Arcanjo
POR1,224,Guimaraes,310094,Miguel Maga
POR1,224,Guimaraes,19624,Nélson Oliveira
POR1,224,Guimaraes,51478,Rodrigo Abascal
POR1,224,Guimaraes,320520,Paulo Vitor
POR1,224,Guimaraes,41568,Miguel Nóbrega
POR1,224,Guimaraes,41172,Toni Borevković
POR1,224,Guimaraes,2445,Mikel Villanueva
POR1,224,Guimaraes,308315,Vando Félix
POR1,224,Guimaraes,414831,Dieu-Merci Michel
POR1,224,Guimaraes,197734,João Mendes
POR1,224,Guimaraes,400551,Ricardo Ribeiro
POR1,224,Guimaraes,409721,José Ribeiro
POR1,224,Guimaraes,41498,Tiago Silva
POR1,224,Guimaraes,380435,Kaio César
POR1,224,Guimaraes,306862,José Bica
POR1,224,Guimaraes,287592,Manuel Silva
POR1,217,SC Braga,284795,Alaa Bellaarouch
POR1,217,SC Braga,108563,Rodrigo Zalazar
POR1,217,SC Braga,361371,Diego Rodrigues
POR1,217,SC Braga,193188,Amine El Ouazzani
POR1,217,SC Braga,310029,Josafat Mendes
POR1,217,SC Braga,320534,Yan Said
POR1,217,SC Braga,423304,Ruben Furtado
POR1,217,SC Braga,297303,Gabriel Martínez
POR1,217,SC Braga,361433,Joao Carvalho
POR1,217,SC Braga,137721,Gustaf Lagerbielke
POR1,217,SC Braga,10115,Robson Bambu
POR1,217,SC Braga,345391,João Gonçalves
POR1,217,SC Braga,20884,Sikou Niakaté
POR1,217,SC Braga,127634,João Ferreira
POR1,217,SC Braga,153290,Victor Gómez
POR1,217,SC Braga,287583,Joao Marques
POR1,217,SC Braga,162535,Bright Arrey-Mbi
POR1,217,SC Braga,449102,Afonso Patrao
POR1,217,SC Braga,41103,Ricardo Horta
POR1,217,SC Braga,310196,Ismael Gharbi
POR1,217,SC Braga,426799,Francisco Chissumba
POR1,217,SC Braga,47383,Paulo Oliveira
POR1,217,SC Braga,41090,Tiago Sá
POR1,217,SC Braga,330722,Jean-Baptiste Gorby
POR1,217,SC Braga,263530,Pau Víctor
POR1,217,SC Braga,286839,Serdar Saatçı
POR1,217,SC Braga,325165,Roger Fernandes
POR1,217,SC Braga,441512,Jonatás Noro
POR1,217,SC Braga,269349,Lukáš Horníček
POR1,217,SC Braga,414435,Thiago Helguera
POR1,217,SC Braga,496703,Sandro Vidigal
POR1,217,SC Braga,936,Fran Navarro
POR1,217,SC Braga,380434,Mario Dorgeles
POR1,217,SC Braga,2677,João Moutinho
POR1,217,SC Braga,345391,João Vasconcelos
POR1,217,SC Braga,47358,Adrián Marín
POR1,217,SC Braga,51036,André Horta
POR1,217,SC Braga,1163,Bruma
POR1,217,SC Braga,9355,Vítor Carvalho
POR1,217,SC Braga,2209,Rafik Guitane
POR1,217,SC Braga,565,Yuri Ribeiro
POR1,217,SC Braga,312990,Roberto Fernández
POR1,217,SC Braga,41089,Matheus
POR1,217,SC Braga,47087,Uroš Račić
POR1,217,SC Braga,142484,Leonardo Lelo
POR1,215,Moreirense,41500,Lawrence Ofori
POR1,215,Moreirense,9450,Kewin
POR1,215,Moreirense,141890,Dinis Pinto
POR1,215,Moreirense,161968,Cedric Teguia
POR1,215,Moreirense,50178,André Castro
POR1,215,Moreirense,300901,Maranhão
POR1,215,Moreirense,311759,Álvaro Martínez
POR1,215,Moreirense,312311,Michel Augusto
POR1,215,Moreirense,50900,Marcelo
POR1,215,Moreirense,41192,Gabrielzinho
POR1,215,Moreirense,41223,Guilherme Schettine
POR1,215,Moreirense,104901,Dani Morer
POR1,215,Moreirense,8464,Ivo Rodrigues
POR1,215,Moreirense,330410,Gilberto Batista
POR1,215,Moreirense,119633,Kiko Bondoso
POR1,215,Moreirense,41229,Mika
POR1,215,Moreirense,505604,Afonso Assis
POR1,215,Moreirense,400720,Mateja Stjepanović
POR1,215,Moreirense,231081,Sidnei Tavares
POR1,215,Moreirense,333680,Rodrigo Alonso
POR1,215,Moreirense,279104,Leonardo Buta
POR1,215,Moreirense,195110,Alan
POR1,215,Moreirense,153719,Luís Asué
POR1,215,Moreirense,379124,Kiko
POR1,215,Moreirense,183927,Joel Jorquera
POR1,215,Moreirense,163220,Jeremy Antonisse
POR1,215,Moreirense,335042,Pedro Santos
POR1,215,Moreirense,312311,Michel
POR1,215,Moreirense,187920,Fabiano Silva
POR1,215,Moreirense,41486,Caio
POR1,215,Moreirense,9380,Maracás
POR1,215,Moreirense,41586,Bernardo Martins
POR1,215,Moreirense,141294,Rúben Ramos Ismael
POR1,215,Moreirense,300901,Yan Maranhão
POR1,215,Moreirense,195092,Guilherme Liberato
POR1,215,Moreirense,41569,Godfried Frimpong
POR1,215,Moreirense,106418,Madson de Souza Silva
POR1,215,Moreirense,41328,Carlos Ponck
POR1,215,Moreirense,41320,André Ferreira
POR1,240,Arouca,413502,Mateo Flores
POR1,240,Arouca,161931,Arnau Solà
POR1,240,Arouca,182501,Jose Fontán
POR1,240,Arouca,43304,Pedro Moreira
POR1,240,Arouca,26507,Nico Mantl
POR1,240,Arouca,301701,Dylan Nandín
POR1,240,Arouca,196101,Weverson
POR1,240,Arouca,161877,Pablo Gozálbez
POR1,240,Arouca,8464,Ivo Rodrigues
POR1,240,Arouca,761,Cristo González
POR1,240,Arouca,2005,Güven Yalçın
POR1,240,Arouca,76315,Vladislav Morozov
POR1,240,Arouca,161591,Miguel Puche
POR1,240,Arouca,41573,Alex Pinto
POR1,240,Arouca,175413,Morlaye Sylla
POR1,240,Arouca,162098,Henrique Araújo
POR1,240,Arouca,330286,Pedro Santos
POR1,240,Arouca,361478,Jakub Vinarčík
POR1,240,Arouca,47473,Jason
POR1,240,Arouca,283338,Matías Rocha
POR1,240,Arouca,306615,Taichi Fukui
POR1,240,Arouca,152846,Amadou Dante
POR1,240,Arouca,281438,Chico Lamba
POR1,240,Arouca,384,Mamadou Loum
POR1,240,Arouca,296085,Diogo Monteiro
POR1,240,Arouca,145,Oriol Busquets
POR1,240,Arouca,47308,Naïs Djouahra
POR1,240,Arouca,162886,Boris Popović
POR1,240,Arouca,10154,Thiago da Silva
POR1,240,Arouca,41377,João Valido
POR1,240,Arouca,127372,Tiago Esgaio
POR1,240,Arouca,355171,Hyun-ju Lee
POR1,240,Arouca,195513,Alfonso Trezza
POR1,240,Arouca,166822,Brian Mansilla
POR1,240,Arouca,157284,Mateus Quaresma
POR1,240,Arouca,46669,Ivan Barbero
POR1,240,Arouca,8457,David Simão
POR1,225,Nacional,129976,Dudu
POR1,225,Nacional,414281,Isaac
POR1,225,Nacional,379078,Joel Silva
POR1,225,Nacional,238562,Matheus Dias
POR1,225,Nacional,19306,Arvin Appiah
POR1,225,Nacional,80476,Ulisses
POR1,225,Nacional,199899,Fuki Yamada
POR1,225,Nacional,378982,Martim Gustavo Watts
POR1,225,Nacional,378983,Francisco Gonçalves
POR1,225,Nacional,435444,Kevyn
POR1,225,Nacional,41474,Jota
POR1,225,Nacional,279584,Afonso Freitas
POR1,225,Nacional,46885,André Sousa
POR1,225,Nacional,348897,Kaique
POR1,225,Nacional,445229,Josue Souza
POR1,225,Nacional,379,Bruno Costa
POR1,225,Nacional,63839,Gabriel Santos
POR1,225,Nacional,10308,Léo Santos
POR1,225,Nacional,103958,Jesús Ramírez
POR1,225,Nacional,41667,José Gomes
POR1,225,Nacional,41479,Witi
POR1,225,Nacional,309730,Ze Vitor
POR1,225,Nacional,276907,Rui Encarnação
POR1,225,Nacional,437774,Pablo Ruan
POR1,225,Nacional,187909,Luís Esteves
POR1,225,Nacional,23119,Lenny Vallier
POR1,225,Nacional,41614,Filipe Soares
POR1,225,Nacional,2679,Dyego Sousa
POR1,225,Nacional,41458,Lucas França
POR1,225,Nacional,182167,Adrián Butzke
POR1,225,Nacional,311802,Alan Nuñez
POR1,225,Nacional,307025,Cesar
POR1,225,Nacional,162212,Miguel Baeza
POR1,225,Nacional,41292,Joel Tagueu
POR1,225,Nacional,9884,Daniel Penha
POR1,225,Nacional,237101,Gustavo García
POR1,225,Nacional,428023,Djibril Soumaré
POR1,225,Nacional,41429,Rúben Macedo
POR1,225,Nacional,49603,Chiheb Labidi
POR1,225,Nacional,41375,Paulinho Bóia
POR1,225,Nacional,38730,Nigel Thomas
POR1,225,Nacional,270497,Douglas Sequeira
POR1,225,Nacional,10579,Tiago Reis
POR1,225,Nacional,41119,João Aurélio
POR1,225,Nacional,9964,Liziero
POR1,230,Estoril,415244,Tiago Araujo Brito
POR1,230,Estoril,521997,Longin Bimai
POR1,230,Estoril,427374,Diogo Dias
POR1,230,Estoril,197321,Michel Costa
POR1,230,Estoril,572,Pizzi
POR1,230,Estoril,174774,Kévin Boma
POR1,230,Estoril,22228,Xeka
POR1,230,Estoril,195109,Patrick de Paula
POR1,230,Estoril,289513,Martin Turk
POR1,230,Estoril,477119,Diogo Brasido
POR1,230,Estoril,41992,Daniel Figueira
POR1,230,Estoril,381619,Pedro Carvalho
POR1,230,Estoril,19296,João Carvalho
POR1,230,Estoril,313958,André Lacximicant
POR1,230,Estoril,9714,Vinicius Zanocelo
POR1,230,Estoril,162474,Jandro Orellana
POR1,230,Estoril,26767,Pedro Amaral
POR1,230,Estoril,332056,Wagner Pina
POR1,230,Estoril,215828,Nodar Lominadze
POR1,230,Estoril,369503,Philippe Lanquetin
POR1,230,Estoril,41565,Pedro Álvaro
POR1,230,Estoril,18752,Hélder Costa
POR1,230,Estoril,14198,Kevin Chamorro
POR1,230,Estoril,163614,Gonçalo Costa
POR1,230,Estoril,330443,Ismael Sierra Arnal
POR1,230,Estoril,1558,Joel Robles
POR1,230,Estoril,415244,Tiago Brito
POR1,230,Estoril,20867,Yanis Begraoui
POR1,230,Estoril,129728,Jordan Holsgrove
POR1,230,Estoril,270972,Israel Salazar
POR1,230,Estoril,421859,Manga Foe Ondoa
POR1,230,Estoril,2209,Rafik Guitane
POR1,230,Estoril,384373,Fabrício Garcia
POR1,230,Estoril,393929,Tiago Parente
POR1,230,Estoril,7147,Felix Bacher
POR1,230,Estoril,90498,Eliaquim Mangala
POR1,230,Estoril,436919,Andrei Florea
POR1,230,Estoril,162713,Alejandro Marqués
POR1,762,GIL Vicente,41174,Jonathan Buatu
POR1,762,GIL Vicente,41418,João Teixeira
POR1,762,GIL Vicente,200994,Jorge Aguirre
POR1,762,GIL Vicente,158433,Sphephelo Sithole
POR1,762,GIL Vicente,309155,Hevertton Santos
POR1,762,GIL Vicente,361337,Agustín Moreira
POR1,762,GIL Vicente,324844,Zé Carlos
POR1,762,GIL Vicente,41355,Rúben Fernandes
POR1,762,GIL Vicente,480410,Gui Beleza
POR1,762,GIL Vicente,142024,Zé Carlos
POR1,762,GIL Vicente,33794,Kanya Fujimoto
POR1,762,GIL Vicente,48637,Maxime Dominguez
POR1,762,GIL Vicente,508808,Diogo Costa
POR1,762,GIL Vicente,437483,Mohamed Bamba
POR1,762,GIL Vicente,41574,Sandro Cruz
POR1,762,GIL Vicente,287583,Joao Marques
POR1,762,GIL Vicente,195764,Facundo Cáseres
POR1,762,GIL Vicente,284796,Marvin Elimbi
POR1,762,GIL Vicente,340547,Gustavo Varela
POR1,762,GIL Vicente,162208,Tidjany Touré
POR1,762,GIL Vicente,129778,Brian Araújo
POR1,762,GIL Vicente,182685,Diego Collado
POR1,762,GIL Vicente,522181,Rodrigo Rodrigues
POR1,762,GIL Vicente,41992,Daniel Figueira
POR1,762,GIL Vicente,80528,Andrew
POR1,762,GIL Vicente,187909,Luís Esteves
POR1,762,GIL Vicente,122,Jordi Mboula
POR1,762,GIL Vicente,197382,Carlos Eduardo
POR1,762,GIL Vicente,107158,Sergio Bermejo
POR1,762,GIL Vicente,162209,Jonathan Mutombo
POR1,762,GIL Vicente,334430,Depú
POR1,762,GIL Vicente,184743,Santi García
POR1,762,GIL Vicente,41174,Jonathan Buatu-Mananga
POR1,762,GIL Vicente,283336,Martin Fernández
POR1,762,GIL Vicente,336637,Antonio Espigares
POR1,762,GIL Vicente,156992,Mory Gbane
POR1,762,GIL Vicente,39792,Jesús Castillo
POR1,762,GIL Vicente,22002,Ghislain Konan
POR1,762,GIL Vicente,301187,Pablo Felipe
POR1,762,GIL Vicente,135749,Félix Correia
POR1,762,GIL Vicente,197451,Kazu
POR1,762,GIL Vicente,527187,Gonçalo  Maia Pereira
POR1,762,GIL Vicente,195473,Cauê
POR1,762,GIL Vicente,50058,Josué Sá
POR1,762,GIL Vicente,508808,Diogo Pereira
POR1,810,Vizela,279447,Jójó
POR1,810,Vizela,162481,Diogo Nascimento
POR1,810,Vizela,48573,Jean-Pierre Rhyner
POR1,810,Vizela,502645,Pedro Ramos
POR1,810,Vizela,68436,Kacper Bieszczad
POR1,810,Vizela,129785,Jota Gonçalves
POR1,810,Vizela,428137,Prosper Obah
POR1,810,Vizela,47529,Miguel Ángel Morro
POR1,810,Vizela,10926,Angel Bastunov
POR1,810,Vizela,8996,Sava Petrov
POR1,810,Vizela,41443,João Reis
POR1,810,Vizela,371914,Vivaldo
POR1,810,Vizela,46087,Aleksandar Busnić
POR1,810,Vizela,128007,Yannick Semedo
POR1,810,Vizela,41193,André Schutte
POR1,810,Vizela,351246,Rodrigo Ramos
POR1,810,Vizela,480415,Jose Sampaio
POR1,810,Vizela,24115,Damien Loppy
POR1,810,Vizela,128345,Natanael Ntolla
POR1,810,Vizela,24966,Heinz Mörschel
POR1,810,Vizela,41744,Anthony Correia
POR1,810,Vizela,201691,Uroš Milovanović
POR1,4724,Alverca,279590,Tiago Leite
POR1,4724,Alverca,142411,André Paulo
POR1,4724,Alverca,388777,Bastien Meupiyou
POR1,4724,Alverca,402225,Isaac James
POR1,4724,Alverca,41624,Sandro Lima
POR1,4724,Alverca,278331,Mateus Oliveira
POR1,4724,Alverca,297226,Talisca
POR1,4724,Alverca,195962,Chiquinho
POR1,4724,Alverca,2042,Sergi Gómez
POR1,4724,Alverca,350337,André Gomes
POR1,4724,Alverca,405239,Alexsandro Amorim
POR1,4724,Alverca,348896,Kaiky Naves
POR1,4724,Alverca,24207,Stéphane Diarra
POR1,4724,Alverca,388889,Cedric Nuozzi
POR1,4724,Alverca,362379,Steven Baseya
POR1,4724,Alverca,186458,Sabit Abdulai
POR1,4724,Alverca,505867,Davy Gui
POR1,4724,Alverca,307870,Gian Cabezas
POR1,4724,Alverca,312650,Marko Milovanović
POR1,4724,Alverca,325052,Gonçalo Esteves
POR1,4724,Alverca,144734,Nabil Touaizi
POR1,4724,Alverca,119397,Diogo Martins
POR1,4724,Alverca,311740,Tomás Mendes
POR1,218,Tondela,460177,Yarlen
POR1,218,Tondela,359001,Bernardo Fontes
POR1,218,Tondela,190648,Moudja Sie Ouattara
POR1,218,Tondela,9576,Pedro Henryque
POR1,218,Tondela,395531,Jeffrey Rodriguez
POR1,218,Tondela,62085,Hélder Tavares
POR1,218,Tondela,41148,João Afonso
POR1,218,Tondela,142323,Tiago Manso
POR1,218,Tondela,152964,Christian Marques
POR1,218,Tondela,420402,Afonso Rodrigues
POR1,218,Tondela,204033,Joe Hodge
POR1,218,Tondela,41269,Bebeto
POR1,218,Tondela,41613,Cicero
POR1,218,Tondela,279095,Emmanuel Maviram
POR1,218,Tondela,41743,André Ceitil
POR1,218,Tondela,191230,Rémy Vita
POR1,218,Tondela,41539,Gabriel Souza
POR1,218,Tondela,197799,Xabi Huarte
POR1,218,Tondela,357338,Brayan Medina
POR1,218,Tondela,414448,Juan Rodríguez
POR1,218,Tondela,427380,Miro
