fixture_id,date,timestamp,referee,venue_name,venue_city,status_long,status_short,league_id,league_name,season,round,home_team_id,home_team_name,away_team_id,away_team_name,home_goals,away_goals,home_goals_halftime,away_goals_halftime,home_goals_fulltime,away_goals_fulltime,home_shots_on_goal,home_shots_off_goal,home_total_shots,home_blocked_shots,home_shots_inside_box,home_shots_outside_box,home_fouls,home_corner_kicks,home_offsides,home_possession,home_yellow_cards,home_red_cards,home_goalkeeper_saves,home_total_passes,home_passes_accurate,home_passes_percentage,away_shots_on_goal,away_shots_off_goal,away_total_shots,away_blocked_shots,away_shots_inside_box,away_shots_outside_box,away_fouls,away_corner_kicks,away_offsides,away_possession,away_yellow_cards,away_red_cards,away_goalkeeper_saves,away_total_passes,away_passes_accurate,away_passes_percentage
1252419,2024-08-22,1724343000,Abdallah Dafar,Al Taawon Club Stadium,Buraidah,Match Finished,FT,307,Pro League,2024,Regular Season - 1,2936,Al Taawon,2944,Al-Fayha,1,0,0,0,1,0,4.0,3.0,10.0,3.0,6.0,4.0,7,1.0,2.0,64.0,1.0,1.0,3.0,555,477,86.0,3.0,4.0,8,1.0,5.0,3.0,9,3.0,1.0,36.0,3.0,,3.0,321,237,74.0
1252420,2024-08-22,1724349600,Mohammed Al Esmaiel,King Abdulaziz Sports City Stadium,Mecca,Match Finished,FT,307,Pro League,2024,Regular Season - 1,2937,Al Wehda Club,10511,Al Riyadh,3,3,1,0,3,3,7.0,6.0,17.0,4.0,11.0,6.0,14,4.0,1.0,60.0,2.0,,,450,381,85.0,3.0,3.0,6,,4.0,2.0,7,7.0,3.0,40.0,2.0,1.0,4.0,295,237,80.0
1252421,2024-08-22,1724349600,Khalid Al Turais,Al Awal Park at King Saud University,Riyadh,Match Finished,FT,307,Pro League,2024,Regular Season - 1,2939,Al-Nassr,2935,Al-Raed,1,1,1,0,1,1,8.0,13.0,28.0,7.0,20.0,8.0,12,13.0,2.0,72.0,3.0,,4.0,619,553,89.0,5.0,1.0,7,1.0,6.0,1.0,10,1.0,4.0,28.0,5.0,,7.0,252,180,71.0
1252422,2024-08-23,1724429400,Abdullah Al-Kharbosh,Dhamak Club Stadium,Khamis Mushait,Match Finished,FT,307,Pro League,2024,Regular Season - 1,2956,Damac,2928,Al Khaleej Saihat,0,1,0,1,0,1,2.0,12.0,19.0,5.0,8.0,11.0,9,5.0,2.0,57.0,2.0,,1.0,469,401,86.0,1.0,3.0,5,1.0,3.0,2.0,13,1.0,1.0,43.0,3.0,,2.0,369,277,75.0
1252423,2024-08-23,1724436000,Sami Al Jires,King Abdullah Sports City,Jeddah,Match Finished,FT,307,Pro League,2024,Regular Season - 1,2929,Al-Ahli Jeddah,2961,Al Orubah,2,0,1,0,2,0,6.0,11.0,24.0,7.0,14.0,10.0,13,4.0,1.0,68.0,1.0,,2.0,551,495,90.0,2.0,5.0,8,1.0,2.0,6.0,5,1.0,,32.0,3.0,,4.0,262,194,74.0
1252424,2024-08-23,1724436000,Ahmad Al Rumaikhani,Prince Mohamed bin Fahd Stadium,Dammam,Match Finished,FT,307,Pro League,2024,Regular Season - 1,2933,Al-Qadisiyah FC,2931,Al-Fateh,3,0,1,0,3,0,5.0,4.0,14.0,5.0,10.0,4.0,14,9.0,1.0,50.0,2.0,,3.0,404,357,88.0,3.0,1.0,4,,2.0,2.0,9,4.0,1.0,50.0,,,3.0,414,364,88.0
1252425,2024-08-24,1724515800,Faisal Alblwi,King Abdullah Sport City Stadium,Buraidah,Match Finished,FT,307,Pro League,2024,Regular Season - 1,10509,Al Kholood,2938,Al-Ittihad FC,0,1,0,0,0,1,2.0,2.0,11.0,7.0,5.0,6.0,11,4.0,4.0,34.0,1.0,,,279,216,77.0,1.0,6.0,11,4.0,10.0,1.0,18,5.0,1.0,66.0,1.0,,1.0,553,483,87.0
1252426,2024-08-24,1724522400,F. San,Prince Hathloul Bin Abdul Aziz Sport City Stadium,Najran,Match Finished,FT,307,Pro League,2024,Regular Season - 1,2977,Al Akhdoud,2932,Al-Hilal Saudi FC,0,3,0,3,0,3,,4.0,5.0,1.0,1.0,4.0,13,1.0,5.0,32.0,3.0,,3.0,279,217,78.0,6.0,5.0,12,1.0,9.0,3.0,7,1.0,3.0,68.0,,,,585,519,89.0
1252427,2024-08-24,1724522400,Majed Alshamrani,Al-Shabab Club Stadium,Riyadh,Match Finished,FT,307,Pro League,2024,Regular Season - 1,2940,Al Shabab,2934,Al-Ettifaq,0,1,0,0,0,1,4.0,5.0,9.0,,5.0,4.0,13,4.0,3.0,60.0,,,1.0,492,423,86.0,2.0,3.0,6,1.0,4.0,2.0,12,3.0,2.0,40.0,2.0,,4.0,317,252,79.0
1252428,2024-08-27,1724773500,Abdallah Dafar,Al Fateh Club Stadium,Al-Hasa,Match Finished,FT,307,Pro League,2024,Regular Season - 2,2931,Al-Fateh,2929,Al-Ahli Jeddah,1,0,0,0,1,0,3.0,2.0,9.0,4.0,2.0,7.0,9,4.0,1.0,43.0,1.0,,5.0,305,240,79.0,5.0,1.0,9,3.0,4.0,5.0,9,4.0,5.0,57.0,2.0,,2.0,412,337,82.0
1252429,2024-08-27,1724781600,Mohamed Al Smaail,Al Raid Club Stadium,Buraidah,Match Finished,FT,307,Pro League,2024,Regular Season - 2,2935,Al-Raed,2933,Al-Qadisiyah FC,0,1,0,0,0,1,,2.0,3.0,1.0,1.0,2.0,11,2.0,5.0,41.0,3.0,,5.0,340,276,81.0,6.0,3.0,11,2.0,9.0,2.0,15,5.0,,59.0,2.0,,,483,403,83.0
1252430,2024-08-27,1724781600,Majed Alshamrani,King Abdullah Sport City Stadium,Buraidah,Match Finished,FT,307,Pro League,2024,Regular Season - 2,2944,Al-Fayha,2939,Al-Nassr,1,4,0,2,1,4,6.0,4.0,14.0,4.0,8.0,6.0,9,3.0,3.0,44.0,2.0,,6.0,416,341,82.0,10.0,7.0,19,2.0,13.0,6.0,6,3.0,3.0,56.0,,,5.0,532,476,89.0
1252431,2024-08-28,1724859900,Khalid Al Turais,Al Ettifaq Club Stadium,Dammam,Match Finished,FT,307,Pro League,2024,Regular Season - 2,2934,Al-Ettifaq,2977,Al Akhdoud,1,0,0,0,1,0,4.0,4.0,9.0,1.0,3.0,6.0,6,4.0,1.0,49.0,,,3.0,406,351,86.0,3.0,6.0,13,4.0,7.0,6.0,7,3.0,1.0,51.0,1.0,,3.0,438,387,88.0
1252432,2024-08-28,1724868000,I. Kovács,Prince Faisal bin Fahd Stadium,Riyadh,Match Finished,FT,307,Pro League,2024,Regular Season - 2,2932,Al-Hilal Saudi FC,2956,Damac,3,2,1,0,3,2,9.0,2.0,15.0,4.0,11.0,4.0,15,8.0,3.0,67.0,2.0,,1.0,486,415,85.0,3.0,2.0,6,1.0,5.0,1.0,11,1.0,6.0,33.0,3.0,,7.0,244,160,66.0
1252433,2024-08-28,1724868000,Mamdouh Al Shahdan,King Abdulaziz Sports City Stadium,Mecca,Match Finished,FT,307,Pro League,2024,Regular Season - 2,2937,Al Wehda Club,2961,Al Orubah,2,1,1,1,2,1,3.0,5.0,12.0,4.0,6.0,6.0,7,3.0,1.0,53.0,3.0,,2.0,424,346,82.0,4.0,2.0,9,3.0,5.0,4.0,10,6.0,,47.0,,,1.0,361,272,75.0
1252434,2024-08-29,1724946900,Sultan Alharbi,Prince Faisal bin Fahd Stadium,Riyadh,Match Finished,FT,307,Pro League,2024,Regular Season - 2,10511,Al Riyadh,10509,Al Kholood,3,1,1,0,3,1,5.0,3.0,11.0,3.0,8.0,3.0,13,5.0,1.0,46.0,1.0,,3.0,323,255,79.0,4.0,5.0,12,3.0,8.0,4.0,14,7.0,,54.0,2.0,,3.0,386,318,82.0
1252435,2024-08-29,1724954400,Abdullah Al Awedan,Prince Mohamed bin Fahd Stadium,Dammam,Match Finished,FT,307,Pro League,2024,Regular Season - 2,2928,Al Khaleej Saihat,2940,Al Shabab,0,1,0,0,0,1,2.0,4.0,8.0,2.0,6.0,2.0,12,3.0,4.0,53.0,,,1.0,434,356,82.0,2.0,1.0,4,1.0,,4.0,19,,5.0,47.0,3.0,,2.0,394,328,83.0
1252436,2024-08-29,1724954400,I. Kružliak,King Abdullah Sports City,Jeddah,Match Finished,FT,307,Pro League,2024,Regular Season - 2,2938,Al-Ittihad FC,2936,Al Taawon,2,1,0,0,2,1,6.0,3.0,12.0,3.0,7.0,5.0,10,4.0,2.0,51.0,3.0,,3.0,527,460,87.0,4.0,4.0,13,5.0,6.0,7.0,12,3.0,1.0,49.0,5.0,1.0,4.0,509,446,88.0
1252437,2024-09-13,1726242300,Khalid Al Turais,Al Taawoun Club Stadium,Buraidah,Match Finished,FT,307,Pro League,2024,Regular Season - 3,2936,Al Taawon,2928,Al Khaleej Saihat,2,0,1,0,2,0,5.0,6.0,14.0,3.0,5.0,9.0,14,4.0,,57.0,5.0,,,546,479,88.0,,7.0,11,4.0,6.0,5.0,10,5.0,1.0,43.0,3.0,,3.0,397,331,83.0
1252440,2024-09-13,1726242600,Majed Alshamrani,Dhamak Club Stadium,Khamis Mushait,Match Finished,FT,307,Pro League,2024,Regular Season - 3,2956,Damac,2977,Al Akhdoud,3,1,3,0,3,1,5.0,5.0,10.0,,6.0,4.0,11,5.0,1.0,40.0,2.0,,3.0,278,205,74.0,4.0,10.0,20,6.0,14.0,6.0,13,11.0,2.0,60.0,2.0,,3.0,405,341,84.0
1252438,2024-09-13,1726250400,S. Karasev,Al Awal Park at King Saud University,Riyadh,Match Finished,FT,307,Pro League,2024,Regular Season - 3,2939,Al-Nassr,2929,Al-Ahli Jeddah,1,1,0,0,1,1,4.0,13.0,19.0,2.0,15.0,4.0,7,8.0,1.0,59.0,1.0,,3.0,425,365,86.0,4.0,1.0,6,1.0,2.0,4.0,19,3.0,1.0,41.0,3.0,,4.0,319,254,80.0
1252441,2024-09-14,1726327200,Abdulsamad Bakri,Al Fateh Club Stadium,Al-Hofuf,Match Finished,FT,307,Pro League,2024,Regular Season - 3,2931,Al-Fateh,2934,Al-Ettifaq,1,2,0,1,1,2,2.0,2.0,7.0,3.0,4.0,3.0,14,4.0,4.0,55.0,,,4.0,498,427,86.0,6.0,8.0,18,4.0,9.0,9.0,12,1.0,1.0,45.0,1.0,,1.0,418,349,83.0
1252444,2024-09-14,1726328700,Sultan Akiri,Al Majma'ah Sports City Stadium,Al Majma'ah,Match Finished,FT,307,Pro League,2024,Regular Season - 3,2944,Al-Fayha,2935,Al-Raed,0,5,0,3,0,5,,6.0,8.0,2.0,2.0,6.0,10,2.0,1.0,51.0,1.0,1.0,4.0,521,458,88.0,8.0,8.0,18,2.0,9.0,9.0,10,4.0,7.0,49.0,1.0,,,506,440,87.0
1252439,2024-09-14,1726336800,T. Bognár,Prince Faisal bin Fahd Stadium,Riyadh,Match Finished,FT,307,Pro League,2024,Regular Season - 3,10511,Al Riyadh,2932,Al-Hilal Saudi FC,0,3,0,0,0,3,1.0,4.0,8.0,3.0,4.0,4.0,12,3.0,6.0,38.0,3.0,,4.0,302,240,79.0,7.0,8.0,22,7.0,18.0,4.0,15,12.0,4.0,62.0,2.0,,1.0,514,458,89.0
1252442,2024-09-15,1726413600,Faisal Alblwi,Prince Mohamed bin Fahd Stadium,Dammam,Match Finished,FT,307,Pro League,2024,Regular Season - 3,2933,Al-Qadisiyah FC,2940,Al Shabab,0,1,0,1,0,1,7.0,10.0,18.0,1.0,8.0,10.0,13,10.0,5.0,46.0,5.0,,2.0,357,301,84.0,3.0,1.0,6,2.0,6.0,,9,2.0,3.0,54.0,3.0,,7.0,446,370,83.0
1252445,2024-09-15,1726415400,Raed Al Zahrani,Ar-Rass Stadium,Rass,Match Finished,FT,307,Pro League,2024,Regular Season - 3,10509,Al Kholood,2961,Al Orubah,3,3,1,1,3,3,7.0,7.0,17.0,3.0,7.0,10.0,7,4.0,,43.0,1.0,,2.0,303,239,79.0,5.0,2.0,9,2.0,5.0,4.0,10,2.0,2.0,57.0,3.0,,4.0,394,320,81.0
1252443,2024-09-15,1726423200,Sami Al Jires,King Abdullah Sports City,Jeddah,Match Finished,FT,307,Pro League,2024,Regular Season - 3,2938,Al-Ittihad FC,2937,Al Wehda Club,7,1,3,1,7,1,11.0,3.0,15.0,1.0,12.0,3.0,9,4.0,1.0,66.0,1.0,,5.0,617,568,92.0,6.0,4.0,12,2.0,7.0,5.0,4,3.0,1.0,34.0,1.0,,3.0,306,268,88.0
1252449,2024-09-19,1726760400,Sultan Alharbi,Prince Hathloul Bin Abdul Aziz Sport City Stadium,Najran,Match Finished,FT,307,Pro League,2024,Regular Season - 4,2977,Al Akhdoud,2933,Al-Qadisiyah FC,0,0,0,0,0,0,4.0,9.0,15.0,2.0,11.0,4.0,13,5.0,1.0,53.0,3.0,1.0,2.0,403,338,84.0,2.0,3.0,6,1.0,4.0,2.0,9,6.0,1.0,47.0,2.0,1.0,4.0,365,285,78.0
1252448,2024-09-19,1726761300,Mohammed Alharbi,Al-Jouf University Stadium,Sakakah,Match Finished,FT,307,Pro League,2024,Regular Season - 4,2961,Al Orubah,2931,Al-Fateh,1,0,0,0,1,0,4.0,7.0,15.0,4.0,7.0,8.0,16,4.0,3.0,35.0,4.0,,6.0,309,240,78.0,6.0,5.0,14,3.0,9.0,5.0,13,4.0,1.0,65.0,3.0,,3.0,584,523,90.0
1252447,2024-09-19,1726768800,Fareeh Al Jaloud,King Abdulaziz Sports City Stadium,Mecca,Match Finished,FT,307,Pro League,2024,Regular Season - 4,2937,Al Wehda Club,10509,Al Kholood,0,1,0,0,0,1,4.0,4.0,12.0,4.0,6.0,6.0,15,4.0,2.0,65.0,5.0,1.0,3.0,464,406,88.0,4.0,5.0,11,2.0,3.0,8.0,3,3.0,1.0,35.0,2.0,,4.0,252,200,79.0
1252451,2024-09-20,1726845300,Abdullah Al-Kharbosh,Prince Mohamed bin Fahd Stadium,Dammam,Match Finished,FT,307,Pro League,2024,Regular Season - 4,2928,Al Khaleej Saihat,2944,Al-Fayha,0,0,0,0,0,0,3.0,5.0,9.0,1.0,5.0,4.0,12,3.0,2.0,45.0,1.0,,2.0,367,306,83.0,2.0,3.0,8,3.0,3.0,5.0,10,2.0,5.0,55.0,3.0,,4.0,444,401,90.0
1252453,2024-09-20,1726847700,Abdullah Al-Harbi,King Abdullah Sports City,Jeddah,Match Finished,FT,307,Pro League,2024,Regular Season - 4,2929,Al-Ahli Jeddah,2956,Damac,4,2,1,1,4,2,10.0,10.0,23.0,3.0,18.0,5.0,14,6.0,,54.0,3.0,,2.0,381,305,80.0,4.0,7.0,18,7.0,5.0,13.0,12,3.0,3.0,46.0,2.0,,6.0,329,250,76.0
1252450,2024-09-20,1726855200,S. Gözübüyük,Al Ettifaq Club Stadium,Dammam,Match Finished,FT,307,Pro League,2024,Regular Season - 4,2934,Al-Ettifaq,2939,Al-Nassr,0,3,0,1,0,3,2.0,3.0,6.0,1.0,3.0,3.0,17,3.0,,45.0,2.0,,5.0,386,337,87.0,8.0,4.0,14,2.0,8.0,6.0,11,6.0,,55.0,1.0,,2.0,479,424,89.0
1252454,2024-09-21,1726932600,Mohammed Al-Ismail,Al-Shabab Club Stadium,Riyadh,Match Finished,FT,307,Pro League,2024,Regular Season - 4,2940,Al Shabab,2936,Al Taawon,1,0,1,0,1,0,3.0,4.0,7.0,,6.0,1.0,7,1.0,2.0,38.0,2.0,,2.0,328,259,79.0,3.0,2.0,6,1.0,3.0,3.0,11,5.0,2.0,62.0,4.0,,2.0,517,436,84.0
1252446,2024-09-21,1726932900,Abdallah Dafar,Al Raid Club Stadium,Buraidah,Match Finished,FT,307,Pro League,2024,Regular Season - 4,2935,Al-Raed,10511,Al Riyadh,1,2,0,0,1,2,2.0,3.0,9.0,4.0,5.0,4.0,5,7.0,3.0,42.0,1.0,1.0,5.0,326,259,79.0,7.0,5.0,18,6.0,10.0,8.0,7,8.0,3.0,58.0,2.0,,1.0,442,386,87.0
1252452,2024-09-21,1726941600,S. Schärer,Prince Faisal bin Fahd Stadium,Riyadh,Match Finished,FT,307,Pro League,2024,Regular Season - 4,2932,Al-Hilal Saudi FC,2938,Al-Ittihad FC,3,1,3,0,3,1,9.0,4.0,17.0,4.0,12.0,5.0,13,6.0,4.0,58.0,1.0,,2.0,517,460,89.0,3.0,1.0,6,2.0,5.0,1.0,17,7.0,9.0,42.0,2.0,,6.0,361,302,84.0
1252456,2024-09-27,1727450400,B. Dankert,Al Awal Park at King Saud University,Riyadh,Match Finished,FT,307,Pro League,2024,Regular Season - 5,2939,Al-Nassr,2937,Al Wehda Club,2,0,1,0,2,0,7.0,7.0,19.0,5.0,15.0,4.0,10,6.0,3.0,66.0,3.0,,2.0,578,514,89.0,2.0,2.0,4,,3.0,1.0,11,3.0,,34.0,2.0,1.0,5.0,303,221,73.0
1252462,2024-09-27,1727460000,Majed Alshamrani,King Abdullah Sports City,Jeddah,Match Finished,FT,307,Pro League,2024,Regular Season - 5,2938,Al-Ittihad FC,2928,Al Khaleej Saihat,4,1,0,1,4,1,7.0,5.0,15.0,3.0,12.0,3.0,9,5.0,4.0,65.0,2.0,,5.0,602,550,91.0,6.0,2.0,10,2.0,4.0,6.0,5,2.0,,35.0,,,3.0,332,280,84.0
1252457,2024-09-27,1727460000,Khalid Al Turais,Prince Mohamed bin Fahd Stadium,Dammam,Match Finished,FT,307,Pro League,2024,Regular Season - 5,2933,Al-Qadisiyah FC,2929,Al-Ahli Jeddah,1,0,1,0,1,0,5.0,1.0,8.0,2.0,8.0,,13,3.0,2.0,42.0,2.0,,3.0,339,247,73.0,3.0,8.0,20,9.0,12.0,8.0,11,8.0,3.0,58.0,1.0,,4.0,448,357,80.0
1252455,2024-09-28,1727536200,Abdullah Dhafer Al Shehri,Al Fateh Club Stadium,Al-Hofuf,Match Finished,FT,307,Pro League,2024,Regular Season - 5,2931,Al-Fateh,2977,Al Akhdoud,2,4,2,1,2,4,6.0,5.0,14.0,3.0,8.0,6.0,12,2.0,,55.0,1.0,1.0,7.0,445,374,84.0,11.0,6.0,20,3.0,11.0,9.0,12,6.0,2.0,45.0,2.0,1.0,4.0,361,283,78.0
1252458,2024-09-28,1727538300,Mohammed Al Hoaish,Al-Jouf University Stadium,Sakakah,Match Finished,FT,307,Pro League,2024,Regular Season - 5,2961,Al Orubah,2956,Damac,1,0,1,0,1,0,2.0,3.0,7.0,2.0,6.0,1.0,15,2.0,2.0,39.0,5.0,,3.0,301,221,73.0,3.0,9.0,12,,8.0,4.0,12,3.0,3.0,61.0,,,1.0,476,398,84.0
1252460,2024-09-28,1727546400,A. Sidiropoulos,King Abdullah Sport City Stadium,Buraidah,Match Finished,FT,307,Pro League,2024,Regular Season - 5,10509,Al Kholood,2932,Al-Hilal Saudi FC,2,4,0,3,2,4,3.0,2.0,7.0,2.0,5.0,2.0,18,4.0,2.0,35.0,2.0,,,286,209,73.0,4.0,4.0,13,5.0,8.0,5.0,12,6.0,2.0,65.0,2.0,,,530,462,87.0
1252463,2024-09-29,1727623500,Ahmad Al Rumaikhani,Al Majma'ah Sports City Stadium,Al Majma'ah,Match Finished,FT,307,Pro League,2024,Regular Season - 5,2944,Al-Fayha,10511,Al Riyadh,2,0,2,0,2,0,8.0,4.0,14.0,2.0,11.0,3.0,12,5.0,4.0,47.0,2.0,,2.0,392,326,83.0,2.0,9.0,14,3.0,9.0,5.0,11,4.0,,53.0,2.0,,6.0,422,361,86.0
1252459,2024-09-29,1727632800,Faisal Alblwi,Al Taawoun Club Stadium,Buraidah,Match Finished,FT,307,Pro League,2024,Regular Season - 5,2936,Al Taawon,2934,Al-Ettifaq,1,1,1,0,1,1,6.0,6.0,12.0,,9.0,3.0,11,5.0,,40.0,3.0,1.0,5.0,340,285,84.0,5.0,8.0,16,3.0,11.0,5.0,6,10.0,,60.0,3.0,,4.0,479,436,91.0
1252461,2024-09-29,1727632800,Abdulsamad Bakri,Al-Shabab Club Stadium,Riyadh,Match Finished,FT,307,Pro League,2024,Regular Season - 5,2940,Al Shabab,2935,Al-Raed,2,1,1,1,2,1,9.0,5.0,24.0,10.0,14.0,10.0,15,9.0,2.0,64.0,4.0,,,580,535,92.0,1.0,2.0,3,,2.0,1.0,4,3.0,3.0,36.0,3.0,1.0,7.0,319,247,77.0
1252469,2024-10-03,1727967600,Raed Al Zahrani,Al Ettifaq Club Stadium,Dammam,Match Finished,FT,307,Pro League,2024,Regular Season - 6,2934,Al-Ettifaq,2935,Al-Raed,0,1,0,1,0,1,4.0,11.0,18.0,3.0,11.0,7.0,12,6.0,,69.0,1.0,,1.0,568,504,89.0,2.0,7.0,12,3.0,6.0,6.0,11,1.0,1.0,31.0,2.0,,4.0,262,202,77.0
1252466,2024-10-03,1727978400,Mohammed Al-Ismail,Prince Hathloul Bin Abdul Aziz Sport City Stadium,Najran,Match Finished,FT,307,Pro League,2024,Regular Season - 6,2977,Al Akhdoud,2938,Al-Ittihad FC,1,2,0,0,1,2,6.0,4.0,12.0,2.0,10.0,2.0,8,7.0,6.0,39.0,3.0,,1.0,333,273,82.0,3.0,1.0,5,1.0,4.0,1.0,10,4.0,2.0,61.0,3.0,,5.0,557,474,85.0
1252467,2024-10-03,1727978400,Mohammed Al-Daqqash,King Abdulaziz Sports City Stadium,Mecca,Match Finished,FT,307,Pro League,2024,Regular Season - 6,2937,Al Wehda Club,2944,Al-Fayha,2,2,1,0,2,2,3.0,1.0,7.0,3.0,5.0,2.0,8,,2.0,36.0,3.0,,4.0,322,265,82.0,6.0,6.0,15,3.0,9.0,6.0,11,7.0,4.0,64.0,3.0,,,555,505,91.0
1252472,2024-10-04,1728054000,Sami Al Jires,Prince Mohamed bin Fahd Stadium,Dammam,Match Finished,FT,307,Pro League,2024,Regular Season - 6,2928,Al Khaleej Saihat,10509,Al Kholood,1,0,0,0,1,0,4.0,8.0,16.0,4.0,10.0,6.0,12,9.0,1.0,62.0,1.0,,2.0,516,447,87.0,2.0,6.0,12,4.0,5.0,7.0,13,4.0,1.0,38.0,2.0,,3.0,328,248,76.0
1252464,2024-10-04,1728054900,I. Barton,Prince Faisal bin Fahd Stadium,Riyadh,Match Finished,FT,307,Pro League,2024,Regular Season - 6,10511,Al Riyadh,2933,Al-Qadisiyah FC,2,1,1,0,2,1,6.0,3.0,11.0,2.0,5.0,6.0,11,4.0,2.0,31.0,2.0,,6.0,245,178,73.0,8.0,4.0,17,5.0,13.0,4.0,9,5.0,3.0,69.0,1.0,,4.0,560,490,88.0
1252465,2024-10-04,1728064800,Abdullah Al-Kharbosh,Dhamak Club Stadium,Khamis Mushait,Match Finished,FT,307,Pro League,2024,Regular Season - 6,2956,Damac,2940,Al Shabab,1,0,0,0,1,0,4.0,6.0,13.0,3.0,8.0,5.0,9,4.0,3.0,32.0,2.0,,1.0,248,181,73.0,1.0,3.0,7,3.0,4.0,3.0,9,2.0,5.0,68.0,3.0,,2.0,552,476,86.0
1252470,2024-10-05,1728141300,Y. Falcón,Al Awal Park at King Saud University,Riyadh,Match Finished,FT,307,Pro League,2024,Regular Season - 6,2939,Al-Nassr,2961,Al Orubah,3,0,2,0,3,0,4.0,9.0,16.0,3.0,12.0,4.0,16,6.0,1.0,67.0,,,1.0,627,568,91.0,1.0,7.0,12,4.0,6.0,6.0,11,4.0,2.0,33.0,1.0,,1.0,303,250,83.0
1252471,2024-10-05,1728141900,Majed Alshamrani,Al Taawoun Club Stadium,Buraidah,Match Finished,FT,307,Pro League,2024,Regular Season - 6,2936,Al Taawon,2931,Al-Fateh,2,0,1,0,2,0,6.0,4.0,11.0,1.0,8.0,3.0,12,5.0,2.0,50.0,1.0,,3.0,426,351,82.0,3.0,1.0,7,3.0,4.0,3.0,11,6.0,2.0,50.0,2.0,,4.0,421,349,83.0
1252468,2024-10-05,1728151200,S. Vinčić,King Abdullah Sports City,Jeddah,Match Finished,FT,307,Pro League,2024,Regular Season - 6,2929,Al-Ahli Jeddah,2932,Al-Hilal Saudi FC,1,2,1,0,1,2,4.0,6.0,11.0,1.0,5.0,6.0,18,6.0,4.0,44.0,3.0,,3.0,285,208,73.0,7.0,3.0,14,4.0,11.0,3.0,20,3.0,1.0,56.0,2.0,,3.0,370,306,83.0
1252475,2024-10-18,1729262700,Faisal Alblwi,Prince Mohamed bin Fahd Stadium,Dammam,Match Finished,FT,307,Pro League,2024,Regular Season - 7,2928,Al Khaleej Saihat,2929,Al-Ahli Jeddah,0,3,0,0,0,3,,7.0,9.0,2.0,6.0,3.0,8,1.0,,50.0,3.0,1.0,3.0,390,318,82.0,6.0,6.0,14,2.0,9.0,5.0,21,5.0,1.0,50.0,2.0,,,387,329,85.0
1252473,2024-10-18,1729263600,R. Petrescu,Kingdom Arena,Riyadh,Match Finished,FT,307,Pro League,2024,Regular Season - 7,2932,Al-Hilal Saudi FC,2944,Al-Fayha,3,0,1,0,3,0,9.0,10.0,20.0,1.0,15.0,5.0,17,7.0,3.0,63.0,,,4.0,620,563,91.0,4.0,3.0,7,,4.0,3.0,12,2.0,5.0,37.0,2.0,,6.0,369,315,85.0
1252474,2024-10-18,1729274400,D. Herrera,Al-Shabab Club Stadium,Riyadh,Match Finished,FT,307,Pro League,2024,Regular Season - 7,2940,Al Shabab,2939,Al-Nassr,1,2,0,0,1,2,3.0,7.0,12.0,2.0,7.0,5.0,10,9.0,2.0,41.0,3.0,,3.0,308,239,78.0,5.0,8.0,17,4.0,11.0,6.0,12,7.0,3.0,59.0,5.0,1.0,3.0,460,397,86.0
1252481,2024-10-19,1729350300,Shukri Al Hanfosh,Al Raid Club Stadium,Buraidah,Match Finished,FT,307,Pro League,2024,Regular Season - 7,2935,Al-Raed,2937,Al Wehda Club,2,2,0,0,2,2,3.0,5.0,8.0,,4.0,4.0,14,4.0,,48.0,2.0,,5.0,369,298,81.0,7.0,6.0,19,6.0,7.0,12.0,7,7.0,3.0,52.0,2.0,,1.0,395,325,82.0
1252478,2024-10-19,1729351200,Abdulsamad Bakri,Dhamak Club Stadium,Khamis Mushait,Match Finished,FT,307,Pro League,2024,Regular Season - 7,2956,Damac,2936,Al Taawon,2,2,0,1,2,2,3.0,3.0,9.0,3.0,6.0,3.0,13,5.0,2.0,43.0,2.0,,,360,301,84.0,2.0,3.0,8,3.0,3.0,5.0,9,4.0,4.0,57.0,4.0,,1.0,488,425,87.0
1252477,2024-10-19,1729360800,S. Karasev,King Abdullah Sports City,Jeddah,Match Finished,FT,307,Pro League,2024,Regular Season - 7,2938,Al-Ittihad FC,2933,Al-Qadisiyah FC,3,1,1,1,3,1,7.0,3.0,10.0,,8.0,2.0,9,6.0,2.0,54.0,1.0,,5.0,505,437,87.0,7.0,5.0,17,5.0,11.0,6.0,10,5.0,3.0,46.0,1.0,,4.0,427,355,83.0
1252480,2024-10-20,1729435500,Khald Alahmari,Al Fateh Club Stadium,Al-Hofuf,Match Finished,FT,307,Pro League,2024,Regular Season - 7,2931,Al-Fateh,10509,Al Kholood,1,1,0,1,1,1,7.0,5.0,17.0,5.0,10.0,7.0,7,6.0,,58.0,,,3.0,494,430,87.0,4.0,3.0,10,3.0,4.0,6.0,12,9.0,2.0,42.0,1.0,,6.0,361,295,82.0
1252476,2024-10-20,1729437600,Mamdouh Al Shahdan,Prince Hathloul Bin Abdul Aziz Sport City Stadium,Najran,Match Finished,FT,307,Pro League,2024,Regular Season - 7,2977,Al Akhdoud,10511,Al Riyadh,0,1,0,0,0,1,3.0,5.0,8.0,,7.0,1.0,15,5.0,2.0,63.0,4.0,,1.0,503,437,87.0,3.0,2.0,8,3.0,6.0,2.0,8,3.0,,37.0,3.0,,3.0,300,222,74.0
1252479,2024-10-20,1729447200,Mohammed Alharbi,Al Ettifaq Club Stadium,Dammam,Match Finished,FT,307,Pro League,2024,Regular Season - 7,2934,Al-Ettifaq,2961,Al Orubah,2,3,2,1,2,3,3.0,3.0,8.0,2.0,8.0,,13,3.0,,55.0,2.0,1.0,5.0,409,333,81.0,8.0,5.0,13,,7.0,6.0,15,7.0,4.0,45.0,4.0,,1.0,329,262,80.0
1252486,2024-10-24,1729782900,Ahmad Al Rumaikhani,Al-Jouf University Stadium,Sakakah,Match Finished,FT,307,Pro League,2024,Regular Season - 8,2961,Al Orubah,2940,Al Shabab,0,3,0,1,0,3,3.0,3.0,10.0,4.0,4.0,6.0,8,2.0,,39.0,,,,383,299,78.0,2.0,5.0,11,4.0,8.0,3.0,12,4.0,2.0,61.0,1.0,,3.0,600,520,87.0
1252484,2024-10-24,1729792800,Sami Al Jires,Prince Faisal bin Fahd Stadium,Riyadh,Match Finished,FT,307,Pro League,2024,Regular Season - 8,10511,Al Riyadh,2938,Al-Ittihad FC,0,1,0,1,0,1,3.0,3.0,9.0,3.0,5.0,4.0,7,4.0,2.0,26.0,2.0,1.0,5.0,235,165,70.0,6.0,5.0,12,1.0,8.0,4.0,8,5.0,2.0,74.0,3.0,,3.0,722,645,89.0
1252485,2024-10-24,1729792800,Sultan Akiri,King Abdulaziz Sports City Stadium,Mecca,Match Finished,FT,307,Pro League,2024,Regular Season - 8,2937,Al Wehda Club,2928,Al Khaleej Saihat,1,3,1,0,1,3,3.0,5.0,10.0,2.0,6.0,4.0,11,4.0,1.0,44.0,2.0,,8.0,364,285,78.0,11.0,2.0,15,2.0,9.0,6.0,12,6.0,1.0,56.0,,,2.0,462,391,85.0
1252490,2024-10-25,1729867200,J. Valenzuela,Prince Mohamed bin Fahd Stadium,Dammam,Match Finished,FT,307,Pro League,2024,Regular Season - 8,2933,Al-Qadisiyah FC,2956,Damac,2,1,1,0,2,1,5.0,4.0,13.0,4.0,9.0,4.0,17,2.0,5.0,55.0,2.0,,2.0,475,400,84.0,3.0,7.0,10,,5.0,5.0,13,2.0,,45.0,1.0,,3.0,400,306,77.0
1252487,2024-10-25,1729868700,G. Kabakov,King Abdullah Sport City Stadium,Buraidah,Match Finished,FT,307,Pro League,2024,Regular Season - 8,10509,Al Kholood,2939,Al-Nassr,3,3,2,2,3,3,7.0,1.0,10.0,2.0,8.0,2.0,10,1.0,2.0,33.0,3.0,,5.0,309,240,78.0,8.0,7.0,18,3.0,14.0,4.0,16,13.0,3.0,67.0,2.0,,4.0,613,528,86.0
1252489,2024-10-25,1729879200,Abdullah Al-Kharbosh,King Abdullah Sports City,Jeddah,Match Finished,FT,307,Pro League,2024,Regular Season - 8,2929,Al-Ahli Jeddah,2977,Al Akhdoud,1,1,0,1,1,1,12.0,7.0,22.0,3.0,12.0,10.0,11,7.0,2.0,66.0,2.0,,4.0,503,433,86.0,5.0,6.0,17,6.0,13.0,4.0,13,6.0,1.0,34.0,5.0,,11.0,253,166,66.0
1252483,2024-10-26,1729954800,Mohammed Abu Shaqarah,Al Majma'ah Sports City Stadium,Al Majma'ah,Match Finished,FT,307,Pro League,2024,Regular Season - 8,2944,Al-Fayha,2934,Al-Ettifaq,1,1,1,0,1,1,3.0,3.0,7.0,1.0,5.0,2.0,11,5.0,3.0,44.0,1.0,,4.0,382,310,81.0,5.0,5.0,14,4.0,5.0,9.0,15,6.0,,56.0,3.0,,2.0,490,412,84.0
1252482,2024-10-26,1729955100,Fareeh Al Jaloud,Al Raid Club Stadium,Buraidah,Match Finished,FT,307,Pro League,2024,Regular Season - 8,2935,Al-Raed,2931,Al-Fateh,2,1,1,0,2,1,2.0,4.0,11.0,5.0,8.0,3.0,16,4.0,1.0,49.0,5.0,,1.0,375,289,77.0,2.0,9.0,23,12.0,10.0,13.0,13,10.0,,51.0,4.0,,2.0,371,300,81.0
1252488,2024-10-26,1729965600,A. Rojas,Kingdom Arena,Riyadh,Match Finished,FT,307,Pro League,2024,Regular Season - 8,2932,Al-Hilal Saudi FC,2936,Al Taawon,2,0,1,0,2,0,7.0,4.0,12.0,1.0,9.0,3.0,19,6.0,,55.0,2.0,,2.0,492,430,87.0,2.0,2.0,6,2.0,4.0,2.0,16,2.0,2.0,45.0,,,5.0,418,343,82.0
1252497,2024-10-31,1730386200,Majed Alshamrani,Al-Shabab Club Stadium,Riyadh,Match Finished,FT,307,Pro League,2024,Regular Season - 9,2940,Al Shabab,2937,Al Wehda Club,3,1,1,0,3,1,6.0,6.0,16.0,4.0,11.0,5.0,10,4.0,5.0,60.0,3.0,1.0,5.0,619,555,90.0,6.0,6.0,15,3.0,8.0,7.0,8,5.0,2.0,40.0,,,3.0,405,328,81.0
1252494,2024-10-31,1730387400,Mohammed Al Hoaish,Prince Hathloul Bin Abdul Aziz Sport City Stadium,Najran,Match Finished,FT,307,Pro League,2024,Regular Season - 9,2977,Al Akhdoud,2961,Al Orubah,4,0,1,0,4,0,4.0,4.0,11.0,3.0,8.0,3.0,11,7.0,1.0,48.0,,,,426,344,81.0,,5.0,8,3.0,3.0,5.0,10,2.0,,52.0,,,,471,389,83.0
1252493,2024-10-31,1730397600,J. Valenzuela,King Abdullah Sports City,Jeddah,Match Finished,FT,307,Pro League,2024,Regular Season - 9,2938,Al-Ittihad FC,2929,Al-Ahli Jeddah,1,0,1,0,1,0,4.0,4.0,12.0,4.0,8.0,4.0,14,7.0,1.0,50.0,1.0,,2.0,358,288,80.0,3.0,4.0,10,3.0,6.0,4.0,16,6.0,5.0,50.0,3.0,,3.0,367,289,79.0
1252491,2024-11-01,1730471700,Mohammed Al-Daqqash,Prince Mohamed bin Fahd Stadium,Dammam,Match Finished,FT,307,Pro League,2024,Regular Season - 9,2928,Al Khaleej Saihat,2935,Al-Raed,4,0,2,0,4,0,8.0,9.0,19.0,2.0,15.0,4.0,16,12.0,1.0,55.0,4.0,,3.0,433,371,86.0,3.0,3.0,9,3.0,3.0,6.0,8,6.0,2.0,45.0,1.0,,3.0,365,283,78.0
1252499,2024-11-01,1730474100,Shukri Al Hanfosh,Dhamak Club Stadium,Khamis Mushait,Match Finished,FT,307,Pro League,2024,Regular Season - 9,2956,Damac,10511,Al Riyadh,2,2,1,1,2,2,11.0,8.0,23.0,4.0,16.0,7.0,14,7.0,3.0,59.0,3.0,,1.0,344,277,81.0,3.0,2.0,5,,5.0,,18,5.0,,41.0,2.0,,9.0,226,167,74.0
1252495,2024-11-01,1730484000,F. Zwayer,Al Awal Park at King Saud University,Riyadh,Match Finished,FT,307,Pro League,2024,Regular Season - 9,2939,Al-Nassr,2932,Al-Hilal Saudi FC,1,1,1,0,1,1,3.0,5.0,10.0,2.0,7.0,3.0,15,5.0,5.0,51.0,5.0,,2.0,371,293,79.0,3.0,7.0,11,1.0,9.0,2.0,16,6.0,1.0,49.0,4.0,,2.0,361,294,81.0
1252496,2024-11-02,1730558100,Ahmad Al Rumaikhani,Al Fateh Club Stadium,Al-Hofuf,Match Finished,FT,307,Pro League,2024,Regular Season - 9,2931,Al-Fateh,2944,Al-Fayha,1,1,0,1,1,1,4.0,4.0,12.0,4.0,6.0,6.0,15,2.0,2.0,43.0,,,3.0,363,283,78.0,4.0,1.0,8,3.0,6.0,2.0,17,8.0,1.0,57.0,3.0,,3.0,458,388,85.0
1252492,2024-11-02,1730559300,Khalid Al Turais,Al Taawoun Club Stadium,Buraidah,Match Finished,FT,307,Pro League,2024,Regular Season - 9,2936,Al Taawon,10509,Al Kholood,1,1,1,1,1,1,4.0,6.0,11.0,1.0,5.0,6.0,5,4.0,3.0,69.0,1.0,,2.0,633,564,89.0,3.0,10.0,16,3.0,10.0,6.0,12,3.0,1.0,31.0,3.0,,3.0,274,223,81.0
1252498,2024-11-02,1730570400,A. Sidiropoulos,Al Ettifaq Club Stadium,Dammam,Match Finished,FT,307,Pro League,2024,Regular Season - 9,2934,Al-Ettifaq,2933,Al-Qadisiyah FC,0,2,0,2,0,2,5.0,5.0,13.0,3.0,8.0,5.0,11,5.0,,44.0,3.0,,,396,324,82.0,2.0,4.0,9,3.0,7.0,2.0,15,3.0,3.0,56.0,3.0,,5.0,512,435,85.0
1252500,2024-11-07,1730989800,Cláudio Pereira,Prince Mohamed bin Fahd Stadium,Dammam,Match Finished,FT,307,Pro League,2024,Regular Season - 10,2933,Al-Qadisiyah FC,2944,Al-Fayha,2,0,2,0,2,0,5.0,1.0,8.0,2.0,7.0,1.0,16,4.0,1.0,55.0,2.0,,4.0,542,477,88.0,4.0,5.0,11,2.0,7.0,4.0,12,6.0,,45.0,6.0,,3.0,453,385,85.0
1252505,2024-11-07,1730991600,Abdullah Al-Kharbosh,King Abdullah Sport City Stadium,Buraidah,Match Finished,FT,307,Pro League,2024,Regular Season - 10,10509,Al Kholood,2940,Al Shabab,0,2,0,0,0,2,,1.0,3.0,2.0,1.0,2.0,9,3.0,3.0,42.0,,,1.0,333,273,82.0,3.0,3.0,7,1.0,4.0,3.0,11,4.0,,58.0,1.0,,,457,399,87.0
1252502,2024-11-07,1730998800,Khalid Al Turais,Al-Jouf University Stadium,Sakakah,Match Finished,FT,307,Pro League,2024,Regular Season - 10,2961,Al Orubah,2938,Al-Ittihad FC,0,2,0,1,0,2,4.0,5.0,11.0,2.0,8.0,3.0,11,2.0,2.0,27.0,,,2.0,252,177,70.0,4.0,1.0,7,2.0,7.0,,22,5.0,4.0,73.0,1.0,,3.0,688,636,92.0
1252504,2024-11-08,1731077100,U. Schnyder,Kingdom Arena,Riyadh,Match Finished,FT,307,Pro League,2024,Regular Season - 10,2932,Al-Hilal Saudi FC,2934,Al-Ettifaq,3,1,1,0,3,1,7.0,7.0,17.0,3.0,13.0,4.0,10,6.0,3.0,67.0,2.0,,2.0,666,605,91.0,3.0,3.0,8,2.0,5.0,3.0,10,2.0,2.0,33.0,3.0,1.0,4.0,315,255,81.0
1252506,2024-11-08,1731079200,Sami Al Jires,King Abdullah Sports City,Jeddah,Match Finished,FT,307,Pro League,2024,Regular Season - 10,2929,Al-Ahli Jeddah,2935,Al-Raed,2,0,0,0,2,0,8.0,8.0,21.0,5.0,16.0,5.0,21,5.0,1.0,64.0,4.0,,4.0,515,448,87.0,4.0,2.0,7,1.0,4.0,3.0,6,6.0,1.0,36.0,3.0,,6.0,291,214,74.0
1252508,2024-11-08,1731085200,N. Dabanović,Prince Faisal bin Fahd Stadium,Riyadh,Match Finished,FT,307,Pro League,2024,Regular Season - 10,10511,Al Riyadh,2939,Al-Nassr,0,1,0,1,0,1,2.0,7.0,9.0,,3.0,6.0,14,3.0,3.0,34.0,2.0,,9.0,300,233,78.0,10.0,3.0,17,4.0,14.0,3.0,9,6.0,7.0,66.0,1.0,,2.0,587,529,90.0
1252501,2024-11-09,1731162600,Faisal Alblwi,Al Fateh Club Stadium,Al-Hofuf,Match Finished,FT,307,Pro League,2024,Regular Season - 10,2931,Al-Fateh,2928,Al Khaleej Saihat,1,2,0,0,1,2,5.0,5.0,14.0,4.0,8.0,6.0,15,4.0,1.0,56.0,3.0,,3.0,456,371,81.0,5.0,4.0,13,4.0,7.0,6.0,14,2.0,,44.0,4.0,,4.0,357,279,78.0
1252503,2024-11-09,1731165300,Mohammed Al Hoaish,King Abdulaziz Sports City Stadium,Mecca,Match Finished,FT,307,Pro League,2024,Regular Season - 10,2937,Al Wehda Club,2956,Damac,2,3,0,1,2,3,6.0,8.0,16.0,2.0,4.0,12.0,13,,2.0,57.0,3.0,,3.0,508,438,86.0,6.0,7.0,17,4.0,10.0,7.0,14,5.0,,43.0,2.0,,4.0,379,306,81.0
1252507,2024-11-09,1731171600,Shukri Al Hanfosh,Al Taawoun Club Stadium,Buraidah,Match Finished,FT,307,Pro League,2024,Regular Season - 10,2936,Al Taawon,2977,Al Akhdoud,1,0,0,0,1,0,3.0,2.0,7.0,2.0,4.0,3.0,16,3.0,5.0,59.0,2.0,,4.0,437,364,83.0,4.0,6.0,13,3.0,9.0,4.0,15,3.0,1.0,41.0,4.0,,2.0,299,222,74.0
1252510,2024-11-22,1732287000,Mohammed Al Hoaish,King Abdullah Sport City Stadium,Buraidah,Match Finished,FT,307,Pro League,2024,Regular Season - 11,2944,Al-Fayha,2929,Al-Ahli Jeddah,0,1,0,1,0,1,,,,,,,16,1.0,1.0,40.0,1.0,,6.0,355,267,75.0,7.0,6.0,16,3.0,12.0,4.0,19,6.0,1.0,60.0,2.0,,,541,458,85.0
1252514,2024-11-22,1732287900,Abdullah Al-Harbi,Prince Hathloul Bin Abdul Aziz Sport City Stadium,Najran,Match Finished,FT,307,Pro League,2024,Regular Season - 11,2977,Al Akhdoud,2940,Al Shabab,1,1,0,1,1,1,3.0,5.0,11.0,3.0,4.0,7.0,14,2.0,3.0,34.0,4.0,,5.0,286,222,78.0,5.0,5.0,14,4.0,5.0,9.0,8,5.0,,66.0,2.0,,2.0,569,506,89.0
1252509,2024-11-22,1732294800,S. Ivanov,Al Awal Park at King Saud University,Riyadh,Match Finished,FT,307,Pro League,2024,Regular Season - 11,2939,Al-Nassr,2933,Al-Qadisiyah FC,1,2,1,1,1,2,7.0,9.0,20.0,4.0,17.0,3.0,11,8.0,6.0,66.0,1.0,,4.0,570,488,86.0,6.0,2.0,10,2.0,7.0,3.0,23,4.0,1.0,34.0,3.0,,6.0,298,213,71.0
1252512,2024-11-23,1732368000,Majed Alshamrani,King Abdullah Sport City Stadium,Buraidah,Match Finished,FT,307,Pro League,2024,Regular Season - 11,2935,Al-Raed,2961,Al Orubah,3,1,2,1,3,1,3.0,2.0,5.0,,4.0,1.0,11,,1.0,47.0,3.0,,1.0,475,393,83.0,2.0,5.0,9,2.0,4.0,5.0,5,2.0,1.0,53.0,1.0,,,528,430,81.0
1252513,2024-11-23,1732374900,Mohammed Abu Shaqarah,King Abdulaziz Sports City Stadium,Mecca,Match Finished,FT,307,Pro League,2024,Regular Season - 11,2937,Al Wehda Club,2936,Al Taawon,1,0,1,0,1,0,4.0,7.0,13.0,2.0,6.0,7.0,9,,,32.0,1.0,,5.0,265,197,74.0,5.0,11.0,29,13.0,14.0,15.0,11,11.0,1.0,68.0,1.0,,2.0,556,482,87.0
1252511,2024-11-23,1732381200,A. Treimanis,Prince Mohamed bin Fahd Stadium,Dammam,Match Finished,FT,307,Pro League,2024,Regular Season - 11,2928,Al Khaleej Saihat,2932,Al-Hilal Saudi FC,3,2,1,2,3,2,6.0,3.0,12.0,3.0,8.0,4.0,12,2.0,3.0,36.0,2.0,,4.0,322,252,78.0,6.0,6.0,16,4.0,11.0,5.0,15,11.0,1.0,64.0,,,3.0,564,499,88.0
1252516,2024-11-24,1732455600,Mohammed Al-Ismail,Prince Sultan bin Abdulaziz Sports City Stadium,Abha,Match Finished,FT,307,Pro League,2024,Regular Season - 11,2956,Damac,10509,Al Kholood,2,1,1,1,2,1,5.0,6.0,13.0,2.0,8.0,5.0,20,4.0,1.0,46.0,4.0,1.0,3.0,315,259,82.0,4.0,4.0,9,1.0,2.0,7.0,10,2.0,4.0,54.0,3.0,,3.0,382,328,86.0
1252517,2024-11-24,1732459200,Ahmad Al Rumaikhani,Prince Faisal bin Fahd Stadium,Riyadh,Match Finished,FT,307,Pro League,2024,Regular Season - 11,10511,Al Riyadh,2934,Al-Ettifaq,0,0,0,0,0,0,4.0,2.0,7.0,1.0,5.0,2.0,8,3.0,8.0,40.0,1.0,,2.0,384,323,84.0,2.0,4.0,9,3.0,7.0,2.0,13,6.0,5.0,60.0,1.0,,4.0,581,514,88.0
1252515,2024-11-24,1732467600,Sultan Alharbi,Prince Abdullah al-Faisal Stadium,Jeddah,Match Finished,FT,307,Pro League,2024,Regular Season - 11,2938,Al-Ittihad FC,2931,Al-Fateh,2,0,0,0,2,0,4.0,7.0,17.0,6.0,12.0,5.0,14,8.0,3.0,60.0,1.0,,1.0,579,523,90.0,1.0,1.0,4,2.0,,4.0,8,4.0,1.0,40.0,3.0,,2.0,384,314,82.0
1252526,2024-11-28,1732805100,Abdulrahman Al Sultan,Al Majma'ah Sports City Stadium,Al Majma'ah,Match Finished,FT,307,Pro League,2024,Regular Season - 12,2944,Al-Fayha,2961,Al Orubah,0,1,0,0,0,1,2.0,6.0,14.0,6.0,11.0,3.0,12,12.0,5.0,69.0,1.0,1.0,3.0,553,476,86.0,4.0,5.0,10,1.0,5.0,5.0,11,4.0,,31.0,3.0,,2.0,247,176,71.0
1252520,2024-11-28,1732806300,Faisal Alblwi,Prince Hathloul Bin Abdul Aziz Sport City Stadium,Najran,Match Finished,FT,307,Pro League,2024,Regular Season - 12,2977,Al Akhdoud,10509,Al Kholood,1,2,0,1,1,2,4.0,9.0,18.0,5.0,12.0,6.0,15,4.0,3.0,59.0,2.0,,3.0,443,367,83.0,5.0,4.0,13,4.0,9.0,4.0,12,6.0,1.0,41.0,3.0,,3.0,311,232,75.0
1252525,2024-11-28,1732813200,Khald Alahmari,Al Fateh Club Stadium,Al-Hofuf,Match Finished,FT,307,Pro League,2024,Regular Season - 12,2931,Al-Fateh,10511,Al Riyadh,1,2,1,0,1,2,5.0,4.0,11.0,2.0,9.0,2.0,14,7.0,3.0,48.0,3.0,,4.0,408,332,81.0,5.0,5.0,13,3.0,8.0,5.0,13,6.0,,52.0,3.0,,4.0,450,382,85.0
1252518,2024-11-29,1732890300,M. Conger,Prince Mohamed bin Fahd Stadium,Dammam,Match Finished,FT,307,Pro League,2024,Regular Season - 12,2933,Al-Qadisiyah FC,2928,Al Khaleej Saihat,1,0,0,0,1,0,4.0,11.0,21.0,6.0,15.0,6.0,10,5.0,1.0,58.0,1.0,,1.0,594,512,86.0,1.0,3.0,4,,4.0,,6,2.0,1.0,42.0,,,3.0,448,376,84.0
1252522,2024-11-29,1732891200,B. Bastien,Al Awal Park at King Saud University,Riyadh,Match Finished,FT,307,Pro League,2024,Regular Season - 12,2939,Al-Nassr,2956,Damac,2,0,1,0,2,0,3.0,8.0,16.0,5.0,14.0,2.0,22,4.0,3.0,61.0,2.0,,6.0,536,478,89.0,5.0,4.0,11,2.0,7.0,4.0,12,6.0,,39.0,3.0,1.0,1.0,332,272,82.0
1252521,2024-11-29,1732899600,E. Ostojich,Prince Abdullah al-Faisal Stadium,Jeddah,Match Finished,FT,307,Pro League,2024,Regular Season - 12,2929,Al-Ahli Jeddah,2937,Al Wehda Club,1,0,0,0,1,0,5.0,6.0,13.0,2.0,8.0,5.0,18,6.0,1.0,54.0,2.0,,3.0,436,361,83.0,3.0,2.0,5,,2.0,3.0,14,4.0,2.0,46.0,1.0,,4.0,372,292,78.0
1252524,2024-11-30,1732972800,Mohammed Al Hoish,King Abdullah Sport City Stadium,Buraidah,Match Finished,FT,307,Pro League,2024,Regular Season - 12,2935,Al-Raed,2936,Al Taawon,0,1,0,0,0,1,2.0,1.0,4.0,1.0,3.0,1.0,13,2.0,3.0,43.0,3.0,,3.0,366,298,81.0,4.0,2.0,8,2.0,5.0,3.0,14,8.0,1.0,57.0,3.0,,2.0,499,428,86.0
1252519,2024-11-30,1732976700,Sami Al Jires,EGO Stadium,Dammam,Match Finished,FT,307,Pro League,2024,Regular Season - 12,2934,Al-Ettifaq,2938,Al-Ittihad FC,0,4,0,1,0,4,5.0,9.0,18.0,4.0,13.0,5.0,11,6.0,,43.0,3.0,,3.0,445,389,87.0,7.0,3.0,12,2.0,9.0,3.0,11,5.0,4.0,57.0,2.0,,5.0,594,539,91.0
1252523,2024-11-30,1732986000,H. Meler,Al-Shabab Club Stadium,Riyadh,Match Finished,FT,307,Pro League,2024,Regular Season - 12,2940,Al Shabab,2932,Al-Hilal Saudi FC,1,2,1,1,1,2,5.0,6.0,15.0,4.0,9.0,6.0,15,6.0,6.0,47.0,3.0,1.0,3.0,397,349,88.0,5.0,2.0,9,2.0,7.0,2.0,7,3.0,3.0,53.0,1.0,1.0,4.0,471,403,86.0
1252528,2024-12-05,1733411400,Raed Al Zahrani,Dhamak Club Stadium,Khamis Mushait,Match Finished,FT,307,Pro League,2024,Regular Season - 13,2956,Damac,2944,Al-Fayha,2,2,1,0,2,2,5.0,5.0,14.0,4.0,6.0,8.0,10,4.0,1.0,38.0,1.0,1.0,3.0,321,247,77.0,5.0,7.0,17,5.0,12.0,5.0,11,11.0,3.0,62.0,4.0,,3.0,510,426,84.0
1252530,2024-12-05,1733411700,Sami Al Jires,King Abdulaziz Sports City Stadium,Mecca,Match Finished,FT,307,Pro League,2024,Regular Season - 13,2937,Al Wehda Club,2977,Al Akhdoud,2,3,1,3,2,3,6.0,2.0,10.0,2.0,6.0,4.0,9,4.0,,65.0,2.0,,4.0,554,464,84.0,6.0,9.0,17,2.0,10.0,7.0,16,4.0,,35.0,2.0,,5.0,290,212,73.0
1252535,2024-12-05,1733418000,Majed Alshamrani,Al-Shabab Club Stadium,Riyadh,Match Finished,FT,307,Pro League,2024,Regular Season - 13,2940,Al Shabab,2931,Al-Fateh,2,2,0,0,2,2,9.0,14.0,30.0,7.0,21.0,9.0,18,8.0,3.0,62.0,2.0,,3.0,507,434,86.0,5.0,6.0,14,3.0,6.0,8.0,8,5.0,,38.0,1.0,,7.0,309,231,75.0
1252532,2024-12-06,1733496600,C. Dingert,Ar-Rass Stadium,Rass,Match Finished,FT,307,Pro League,2024,Regular Season - 13,10509,Al Kholood,2933,Al-Qadisiyah FC,0,3,0,1,0,3,5.0,3.0,11.0,3.0,9.0,2.0,10,7.0,3.0,38.0,,1.0,6.0,353,289,82.0,9.0,7.0,17,1.0,12.0,5.0,12,4.0,,62.0,2.0,,5.0,573,516,90.0
1252527,2024-12-06,1733496900,Abdullah Al-Kharbosh,Al-Jouf University Stadium,Sakakah,Match Finished,FT,307,Pro League,2024,Regular Season - 13,2961,Al Orubah,10511,Al Riyadh,0,1,0,0,0,1,3.0,7.0,15.0,5.0,9.0,6.0,13,3.0,2.0,47.0,2.0,,5.0,414,340,82.0,6.0,6.0,13,1.0,4.0,9.0,10,1.0,1.0,53.0,1.0,1.0,3.0,477,409,86.0
1252531,2024-12-06,1733504400,F. Tello,King Abdullah Sports City,Jeddah,Match Finished,FT,307,Pro League,2024,Regular Season - 13,2938,Al-Ittihad FC,2939,Al-Nassr,2,1,0,0,2,1,6.0,3.0,11.0,2.0,5.0,6.0,9,4.0,1.0,38.0,3.0,,2.0,330,268,81.0,4.0,5.0,11,2.0,8.0,3.0,8,2.0,3.0,62.0,3.0,,4.0,539,468,87.0
1252529,2024-12-07,1733576100,Khalid Al Turais,Prince Mohamed bin Fahd Stadium,Dammam,Match Finished,FT,307,Pro League,2024,Regular Season - 13,2928,Al Khaleej Saihat,2934,Al-Ettifaq,1,2,1,1,1,2,3.0,5.0,11.0,3.0,9.0,2.0,13,2.0,4.0,48.0,2.0,,2.0,410,338,82.0,3.0,7.0,13,3.0,7.0,6.0,10,2.0,,52.0,2.0,,2.0,457,390,85.0
1252534,2024-12-07,1733590800,T. Bognár,Kingdom Arena,Riyadh,Match Finished,FT,307,Pro League,2024,Regular Season - 13,2932,Al-Hilal Saudi FC,2935,Al-Raed,3,2,1,1,3,2,10.0,18.0,35.0,7.0,28.0,7.0,5,14.0,1.0,74.0,1.0,,1.0,602,522,87.0,3.0,,3,,2.0,1.0,6,1.0,3.0,26.0,5.0,,7.0,224,148,66.0
1252533,2024-12-07,1733590800,D. Makkelie,King Abdullah Sport City Stadium,Buraidah,Match Finished,FT,307,Pro League,2024,Regular Season - 13,2936,Al Taawon,2929,Al-Ahli Jeddah,2,4,2,1,2,4,4.0,3.0,8.0,1.0,4.0,4.0,12,1.0,4.0,45.0,1.0,,15.0,451,373,83.0,19.0,8.0,32,5.0,28.0,4.0,8,7.0,,55.0,1.0,,2.0,562,479,85.0
1252536,2025-01-09,1736433900,Majed Alshamrani,Al Fateh Club Stadium,Al-Hofuf,Match Finished,FT,307,Pro League,2024,Regular Season - 14,2931,Al-Fateh,2937,Al Wehda Club,1,2,0,2,1,2,10.0,6.0,20.0,4.0,11.0,9.0,17,8.0,1.0,78.0,3.0,,2.0,627,545,87.0,3.0,1.0,5,1.0,3.0,2.0,14,1.0,3.0,22.0,2.0,,9.0,181,101,56.0
1252539,2025-01-09,1736434800,Shukri Al Hanfosh,Prince Faisal bin Fahd Stadium,Riyadh,Match Finished,FT,307,Pro League,2024,Regular Season - 14,10511,Al Riyadh,2928,Al Khaleej Saihat,2,2,0,1,2,2,5.0,6.0,16.0,5.0,8.0,8.0,12,6.0,,42.0,,,2.0,345,263,76.0,4.0,6.0,11,1.0,6.0,5.0,12,3.0,5.0,58.0,1.0,,3.0,508,428,84.0
1252543,2025-01-09,1736442000,M. Escobar,Al-Awwal Park,Riyadh,Match Finished,FT,307,Pro League,2024,Regular Season - 14,2939,Al-Nassr,2977,Al Akhdoud,3,1,2,1,3,1,7.0,4.0,14.0,3.0,10.0,4.0,4,6.0,1.0,71.0,2.0,,1.0,687,632,92.0,2.0,2.0,7,3.0,3.0,4.0,10,6.0,3.0,29.0,1.0,,2.0,277,206,74.0
1252540,2025-01-10,1736520000,Abdallah Dafar,EGO Stadium,Dammam,Match Finished,FT,307,Pro League,2024,Regular Season - 14,2934,Al-Ettifaq,10509,Al Kholood,2,3,1,1,2,3,5.0,6.0,17.0,6.0,10.0,7.0,12,11.0,,61.0,2.0,,5.0,491,420,86.0,8.0,4.0,16,4.0,12.0,4.0,8,4.0,2.0,39.0,2.0,,3.0,321,251,78.0
1252544,2025-01-10,1736521500,Mohammed Al-Ismail,King Abdullah Sport City Stadium,Buraidah,Match Finished,FT,307,Pro League,2024,Regular Season - 14,2935,Al-Raed,2956,Damac,0,2,0,1,0,2,2.0,7.0,13.0,4.0,9.0,4.0,11,8.0,3.0,56.0,,,2.0,472,372,79.0,4.0,5.0,11,2.0,5.0,6.0,16,3.0,,44.0,1.0,,2.0,371,287,77.0
1252537,2025-01-10,1736528400,S. Marciniak,Prince Abdullah al-Faisal Stadium,Jeddah,Match Finished,FT,307,Pro League,2024,Regular Season - 14,2929,Al-Ahli Jeddah,2940,Al Shabab,3,2,2,0,3,2,9.0,8.0,25.0,8.0,17.0,8.0,16,8.0,4.0,46.0,2.0,,2.0,359,299,83.0,3.0,3.0,8,2.0,4.0,4.0,12,6.0,5.0,54.0,4.0,,5.0,442,359,81.0
1252542,2025-01-11,1736603100,R. Obrenović,Al-Jouf University Stadium,Sakakah,Match Finished,FT,307,Pro League,2024,Regular Season - 14,2961,Al Orubah,2932,Al-Hilal Saudi FC,0,5,0,1,0,5,1.0,1.0,2.0,,1.0,1.0,10,2.0,2.0,25.0,4.0,,2.0,211,139,66.0,8.0,4.0,16,4.0,12.0,4.0,11,5.0,5.0,75.0,1.0,,1.0,658,585,89.0
1252538,2025-01-11,1736606400,D. Siebert,Prince Mohamed bin Fahd Stadium,Dammam,Match Finished,FT,307,Pro League,2024,Regular Season - 14,2933,Al-Qadisiyah FC,2936,Al Taawon,0,3,0,2,0,3,1.0,12.0,17.0,4.0,13.0,4.0,10,11.0,,57.0,2.0,,1.0,456,393,86.0,4.0,1.0,6,1.0,5.0,1.0,13,2.0,3.0,43.0,4.0,1.0,1.0,365,293,80.0
1252541,2025-01-11,1736614800,Khalid Al Turais,King Abdullah Sport City Stadium,Buraidah,Match Finished,FT,307,Pro League,2024,Regular Season - 14,2944,Al-Fayha,2938,Al-Ittihad FC,1,1,0,0,1,1,1.0,4.0,6.0,1.0,4.0,2.0,14,5.0,2.0,31.0,3.0,,5.0,290,237,82.0,6.0,3.0,11,2.0,8.0,3.0,7,10.0,,69.0,1.0,,,667,595,89.0
1252545,2025-01-15,1736953500,Abdullah Al-Kharbosh,Al-Shabab Club Stadium,Riyadh,Match Finished,FT,307,Pro League,2024,Regular Season - 15,2940,Al Shabab,10511,Al Riyadh,2,1,0,0,2,1,4.0,2.0,8.0,2.0,5.0,3.0,9,3.0,4.0,55.0,,,5.0,527,449,85.0,6.0,7.0,17,4.0,8.0,9.0,10,6.0,2.0,45.0,,,2.0,407,335,82.0
1252550,2025-01-15,1736955000,Sultan Alharbi,Dhamak Club Stadium,Khamis Mushait,Match Finished,FT,307,Pro League,2024,Regular Season - 15,2956,Damac,2934,Al-Ettifaq,0,3,0,2,0,3,3.0,6.0,10.0,1.0,6.0,4.0,9,6.0,5.0,55.0,3.0,,,377,313,83.0,3.0,3.0,6,,6.0,,21,4.0,,45.0,3.0,,3.0,311,252,81.0
1252551,2025-01-15,1736960400,M. Al Hakim,King Abdullah Sport City Stadium,Buraidah,Match Finished,FT,307,Pro League,2024,Regular Season - 15,10509,Al Kholood,2929,Al-Ahli Jeddah,1,0,0,0,1,0,5.0,8.0,15.0,2.0,7.0,8.0,12,3.0,,41.0,2.0,,8.0,349,285,82.0,8.0,4.0,17,5.0,12.0,5.0,11,8.0,1.0,59.0,1.0,1.0,4.0,504,430,85.0
1252548,2025-01-16,1737035700,Ahmad Al Rumaikhani,Prince Hathloul Bin Abdul Aziz Sport City Stadium,Najran,Match Finished,FT,307,Pro League,2024,Regular Season - 15,2977,Al Akhdoud,2944,Al-Fayha,1,2,1,1,1,2,4.0,2.0,7.0,1.0,5.0,2.0,10,1.0,3.0,53.0,2.0,,4.0,461,376,82.0,6.0,3.0,11,2.0,9.0,2.0,19,7.0,1.0,47.0,2.0,,3.0,412,329,80.0
1252546,2025-01-16,1737039900,S. Karasev,Kingdom Arena,Riyadh,Match Finished,FT,307,Pro League,2024,Regular Season - 15,2932,Al-Hilal Saudi FC,2931,Al-Fateh,9,0,4,0,9,0,14.0,8.0,35.0,13.0,28.0,7.0,9,11.0,2.0,64.0,2.0,,5.0,515,443,86.0,5.0,4.0,11,2.0,7.0,4.0,13,3.0,3.0,36.0,4.0,1.0,6.0,293,234,80.0
1252552,2025-01-16,1737046800,Sami Al Jires,Prince Abdullah al-Faisal Stadium,Jeddah,Match Finished,FT,307,Pro League,2024,Regular Season - 15,2938,Al-Ittihad FC,2935,Al-Raed,4,1,2,0,4,1,6.0,2.0,11.0,3.0,7.0,4.0,13,3.0,4.0,61.0,3.0,,,655,600,92.0,1.0,6.0,11,4.0,8.0,3.0,11,4.0,2.0,39.0,2.0,,2.0,410,349,85.0
1252553,2025-01-17,1737119700,Abdulsamad Bakri,Prince Mohamed bin Fahd Stadium,Dammam,Match Finished,FT,307,Pro League,2024,Regular Season - 15,2928,Al Khaleej Saihat,2961,Al Orubah,3,0,2,0,3,0,4.0,5.0,11.0,2.0,9.0,2.0,10,4.0,1.0,51.0,3.0,,3.0,445,372,84.0,3.0,3.0,11,5.0,9.0,2.0,12,9.0,3.0,49.0,2.0,1.0,1.0,414,342,83.0
1252547,2025-01-17,1737128400,T. Bognár,King Abdulaziz Sports City Stadium,Mecca,Match Finished,FT,307,Pro League,2024,Regular Season - 15,2937,Al Wehda Club,2933,Al-Qadisiyah FC,0,3,0,1,0,3,1.0,4.0,6.0,1.0,2.0,4.0,5,4.0,4.0,41.0,2.0,,9.0,385,310,81.0,12.0,14.0,31,5.0,20.0,11.0,5,11.0,2.0,59.0,2.0,,1.0,541,467,86.0
1252549,2025-01-17,1737133200,W. Roldán,King Abdullah Sport City Stadium,Buraidah,Match Finished,FT,307,Pro League,2024,Regular Season - 15,2936,Al Taawon,2939,Al-Nassr,1,1,1,0,1,1,2.0,,3.0,1.0,1.0,2.0,6,,4.0,36.0,2.0,,6.0,392,321,82.0,7.0,5.0,19,7.0,14.0,5.0,9,8.0,,64.0,4.0,,1.0,675,611,91.0
1252557,2025-01-20,1737385800,Faisal Alblwi,Al Majma'ah Sports City Stadium,Al Majma'ah,Match Finished,FT,307,Pro League,2024,Regular Season - 16,2944,Al-Fayha,10509,Al Kholood,1,0,0,0,1,0,3.0,1.0,7.0,3.0,3.0,4.0,14,4.0,1.0,46.0,3.0,,5.0,375,291,78.0,5.0,4.0,10,1.0,3.0,7.0,5,6.0,1.0,54.0,,,2.0,442,376,85.0
1252554,2025-01-20,1737386100,Majed Alshamrani,King Abdullah Sport City Stadium,Buraidah,Match Finished,FT,307,Pro League,2024,Regular Season - 16,2935,Al-Raed,2977,Al Akhdoud,0,2,0,1,0,2,6.0,6.0,15.0,3.0,10.0,5.0,8,4.0,,65.0,1.0,,3.0,643,558,87.0,5.0,6.0,16,5.0,11.0,5.0,15,6.0,,35.0,4.0,1.0,6.0,336,256,76.0
1252560,2025-01-20,1737392400,G. Kabakov,EGO Stadium,Dammam,Match Finished,FT,307,Pro League,2024,Regular Season - 16,2934,Al-Ettifaq,2929,Al-Ahli Jeddah,1,2,0,1,1,2,5.0,2.0,11.0,4.0,7.0,4.0,15,2.0,1.0,50.0,4.0,,5.0,384,319,83.0,6.0,5.0,13,2.0,9.0,4.0,16,5.0,7.0,50.0,2.0,,4.0,397,329,83.0
1252559,2025-01-21,1737471000,A. Sidiropoulos,Prince Mohamed bin Fahd Stadium,Dammam,Match Finished,FT,307,Pro League,2024,Regular Season - 16,2928,Al Khaleej Saihat,2939,Al-Nassr,1,3,0,0,1,3,2.0,,6.0,4.0,3.0,3.0,11,1.0,,30.0,4.0,1.0,1.0,260,194,75.0,4.0,7.0,20,9.0,13.0,7.0,20,9.0,4.0,70.0,4.0,,1.0,591,526,89.0
1252555,2025-01-21,1737472200,Mohammed Al-Ismail,Prince Faisal bin Fahd Stadium,Riyadh,Match Finished,FT,307,Pro League,2024,Regular Season - 16,10511,Al Riyadh,2936,Al Taawon,1,0,0,0,1,0,3.0,7.0,13.0,3.0,8.0,5.0,11,3.0,1.0,46.0,1.0,,,409,339,83.0,,2.0,2,,2.0,,15,,3.0,54.0,6.0,2.0,2.0,491,406,83.0
1252561,2025-01-21,1737478800,L. Rey Hilfer,Kingdom Arena,Riyadh,Match Finished,FT,307,Pro League,2024,Regular Season - 16,2932,Al-Hilal Saudi FC,2937,Al Wehda Club,4,1,2,0,4,1,6.0,5.0,13.0,2.0,9.0,4.0,14,4.0,1.0,64.0,1.0,,1.0,637,562,88.0,2.0,1.0,5,2.0,2.0,3.0,4,1.0,3.0,36.0,1.0,,1.0,367,297,81.0
1252556,2025-01-22,1737554400,Cláudio Pereira,Al-Jouf University Stadium,Sakakah,Match Finished,FT,307,Pro League,2024,Regular Season - 16,2961,Al Orubah,2933,Al-Qadisiyah FC,0,2,0,2,0,2,5.0,1.0,9.0,3.0,5.0,4.0,12,2.0,2.0,43.0,1.0,,7.0,406,333,82.0,9.0,5.0,19,5.0,14.0,5.0,16,8.0,2.0,57.0,3.0,,4.0,520,472,91.0
1252562,2025-01-22,1737557700,Khalid Al Turais,Al Fateh Club Stadium,Al-Hofuf,Match Finished,FT,307,Pro League,2024,Regular Season - 16,2931,Al-Fateh,2956,Damac,2,1,0,0,2,1,9.0,8.0,20.0,3.0,11.0,9.0,16,6.0,,52.0,2.0,,5.0,372,304,82.0,6.0,4.0,15,5.0,9.0,6.0,15,10.0,4.0,48.0,2.0,,6.0,343,260,76.0
1252558,2025-01-22,1737565200,U. Schnyder,King Abdullah Sports City,Jeddah,Match Finished,FT,307,Pro League,2024,Regular Season - 16,2938,Al-Ittihad FC,2940,Al Shabab,2,1,2,1,2,1,5.0,8.0,14.0,1.0,10.0,4.0,12,6.0,2.0,58.0,2.0,,2.0,617,554,90.0,3.0,2.0,6,1.0,5.0,1.0,14,5.0,1.0,42.0,2.0,,3.0,439,373,85.0
1252565,2025-01-25,1737813000,Abdallah Dafar,Ar-Rass Stadium,Rass,Match Finished,FT,307,Pro League,2024,Regular Season - 17,10509,Al Kholood,2935,Al-Raed,2,1,0,1,2,1,6.0,9.0,21.0,6.0,11.0,10.0,14,9.0,2.0,52.0,3.0,,4.0,402,332,83.0,5.0,3.0,9,1.0,5.0,4.0,9,3.0,1.0,48.0,3.0,,4.0,383,284,74.0
1252571,2025-01-25,1737824400,Khald Alahmari,King Abdulaziz Sports City Stadium,Mecca,Match Finished,FT,307,Pro League,2024,Regular Season - 17,2937,Al Wehda Club,2934,Al-Ettifaq,2,2,1,0,2,2,2.0,2.0,7.0,3.0,6.0,1.0,11,2.0,9.0,51.0,3.0,,5.0,374,300,80.0,7.0,5.0,17,5.0,12.0,5.0,16,7.0,3.0,49.0,,,,349,281,81.0
1252564,2025-01-26,1737904800,Shukri Al Hanfosh,Al Taawoun Club Stadium,Buraidah,Match Finished,FT,307,Pro League,2024,Regular Season - 17,2936,Al Taawon,2961,Al Orubah,0,0,0,0,0,0,2.0,5.0,7.0,,3.0,4.0,12,1.0,1.0,62.0,,1.0,1.0,595,511,86.0,1.0,7.0,12,4.0,3.0,9.0,23,3.0,1.0,38.0,3.0,,2.0,354,282,80.0
1252566,2025-01-26,1737905400,Sultan Alharbi,Prince Hathloul Bin Abdul Aziz Sport City Stadium,Najran,Match Finished,FT,307,Pro League,2024,Regular Season - 17,2977,Al Akhdoud,2928,Al Khaleej Saihat,1,2,0,0,1,2,6.0,4.0,12.0,2.0,7.0,5.0,10,8.0,1.0,46.0,3.0,,,344,272,79.0,2.0,2.0,5,1.0,4.0,1.0,9,3.0,3.0,54.0,2.0,,6.0,422,356,84.0
1252570,2025-01-26,1737906300,Gustavo Correia,King Abdullah Sports City,Jeddah,Match Finished,FT,307,Pro League,2024,Regular Season - 17,2929,Al-Ahli Jeddah,10511,Al Riyadh,5,0,1,0,5,0,5.0,1.0,8.0,2.0,5.0,3.0,13,5.0,8.0,53.0,2.0,,1.0,380,319,84.0,1.0,4.0,10,5.0,2.0,8.0,12,4.0,2.0,47.0,1.0,,,344,287,83.0
1252569,2025-01-26,1737910800,A. Treimanis,Al-Awwal Park,Riyadh,Match Finished,FT,307,Pro League,2024,Regular Season - 17,2939,Al-Nassr,2931,Al-Fateh,3,1,1,0,3,1,10.0,4.0,19.0,5.0,12.0,7.0,11,8.0,3.0,73.0,1.0,,,625,566,91.0,1.0,4.0,8,3.0,5.0,3.0,23,,2.0,27.0,2.0,,8.0,228,159,70.0
1252567,2025-01-27,1737986700,Faisal Alblwi,Prince Sultan bin Abdulaziz Sports City Stadium,Abha,Match Finished,FT,307,Pro League,2024,Regular Season - 17,2956,Damac,2938,Al-Ittihad FC,2,1,1,1,2,1,6.0,2.0,10.0,2.0,3.0,7.0,12,2.0,1.0,29.0,5.0,,2.0,242,194,80.0,3.0,6.0,17,8.0,13.0,4.0,7,18.0,1.0,71.0,2.0,,4.0,593,523,88.0
1252563,2025-01-27,1737990600,Mohammed Al-Ismail,Al-Shabab Club Stadium,Riyadh,Match Finished,FT,307,Pro League,2024,Regular Season - 17,2940,Al Shabab,2944,Al-Fayha,2,1,1,0,2,1,6.0,1.0,8.0,1.0,6.0,2.0,11,4.0,4.0,64.0,1.0,,2.0,578,504,87.0,3.0,5.0,9,1.0,7.0,2.0,18,4.0,6.0,36.0,5.0,,4.0,326,251,77.0
1252568,2025-01-27,1737997200,J. Weinberger,Prince Mohamed bin Fahd Stadium,Dammam,Match Finished,FT,307,Pro League,2024,Regular Season - 17,2933,Al-Qadisiyah FC,2932,Al-Hilal Saudi FC,2,1,1,0,2,1,3.0,6.0,10.0,1.0,6.0,4.0,11,3.0,2.0,35.0,1.0,,4.0,308,240,78.0,5.0,5.0,11,1.0,9.0,2.0,13,5.0,4.0,65.0,2.0,,1.0,591,515,87.0
1252575,2025-01-30,1738245600,A. Matonte,Al-Jouf University Stadium,Sakakah,Match Finished,FT,307,Pro League,2024,Regular Season - 18,2961,Al Orubah,2929,Al-Ahli Jeddah,0,2,0,1,0,2,2.0,1.0,6.0,3.0,2.0,4.0,15,2.0,1.0,44.0,2.0,,3.0,358,279,78.0,6.0,5.0,19,8.0,11.0,8.0,16,5.0,5.0,56.0,3.0,,2.0,457,387,85.0
1252580,2025-01-30,1738250100,Shukri Al Hanfosh,Prince Faisal bin Fahd Stadium,Riyadh,Match Finished,FT,307,Pro League,2024,Regular Season - 18,10511,Al Riyadh,2937,Al Wehda Club,1,0,0,0,1,0,1.0,2.0,5.0,2.0,2.0,3.0,10,4.0,4.0,44.0,4.0,,2.0,355,272,77.0,2.0,3.0,8,3.0,4.0,4.0,11,3.0,2.0,56.0,,,1.0,467,366,78.0
1252576,2025-01-30,1738256400,D. Rumšas,King Abdullah Sport City Stadium,Buraidah,Match Finished,FT,307,Pro League,2024,Regular Season - 18,2935,Al-Raed,2939,Al-Nassr,1,2,0,1,1,2,3.0,4.0,8.0,1.0,5.0,3.0,16,1.0,4.0,32.0,3.0,,4.0,295,217,74.0,6.0,9.0,17,2.0,11.0,6.0,14,10.0,2.0,68.0,6.0,,2.0,616,555,90.0
1252572,2025-01-31,1738331100,Fareeh Al Jaloud,Al Majma'ah Sports City Stadium,Al Majma'ah,Match Finished,FT,307,Pro League,2024,Regular Season - 18,2944,Al-Fayha,2936,Al Taawon,0,0,0,0,0,0,,5.0,7.0,2.0,3.0,4.0,12,4.0,1.0,53.0,2.0,,,465,366,79.0,,5.0,11,6.0,8.0,3.0,9,4.0,,47.0,1.0,,,412,325,79.0
1252573,2025-01-31,1738336500,M. Barbu,Kingdom Arena,Riyadh,Match Finished,FT,307,Pro League,2024,Regular Season - 18,2932,Al-Hilal Saudi FC,2977,Al Akhdoud,4,0,3,0,4,0,10.0,7.0,22.0,5.0,16.0,6.0,11,12.0,1.0,68.0,,,,658,589,90.0,,4.0,5,1.0,,5.0,11,2.0,5.0,32.0,3.0,,6.0,309,246,80.0
1252578,2025-01-31,1738342800,Sami Al Jires,EGO Stadium,Dammam,Match Finished,FT,307,Pro League,2024,Regular Season - 18,2934,Al-Ettifaq,2940,Al Shabab,3,1,2,1,3,1,7.0,2.0,10.0,1.0,7.0,3.0,12,4.0,,32.0,2.0,,9.0,255,192,75.0,10.0,14.0,30,6.0,20.0,10.0,7,6.0,4.0,68.0,,,4.0,559,489,87.0
1252579,2025-02-01,1738416300,Abdullah Al-Kharbosh,Prince Mohamed bin Fahd Stadium,Dammam,Match Finished,FT,307,Pro League,2024,Regular Season - 18,2928,Al Khaleej Saihat,2956,Damac,1,1,1,1,1,1,4.0,5.0,12.0,3.0,5.0,7.0,10,3.0,4.0,57.0,1.0,,4.0,447,381,85.0,5.0,4.0,12,3.0,9.0,3.0,15,3.0,2.0,43.0,4.0,,3.0,338,260,77.0
1252577,2025-02-01,1738422000,N. Arasa,Al Fateh Club Stadium,Al-Hofuf,Match Finished,FT,307,Pro League,2024,Regular Season - 18,2931,Al-Fateh,2933,Al-Qadisiyah FC,1,1,0,1,1,1,2.0,5.0,10.0,3.0,4.0,6.0,15,6.0,3.0,46.0,1.0,,7.0,397,331,83.0,8.0,7.0,17,2.0,9.0,8.0,11,6.0,1.0,54.0,,,1.0,463,384,83.0
1252574,2025-02-01,1738429200,Majed Alshamrani,Prince Abdullah al-Faisal Stadium,Jeddah,Match Finished,FT,307,Pro League,2024,Regular Season - 18,2938,Al-Ittihad FC,10509,Al Kholood,4,3,2,2,4,3,7.0,4.0,14.0,3.0,12.0,2.0,7,4.0,1.0,63.0,3.0,,4.0,551,480,87.0,7.0,5.0,23,11.0,11.0,12.0,12,8.0,1.0,37.0,1.0,,3.0,325,266,82.0
1252588,2025-02-06,1738854300,D. Strukan,Prince Mohamed bin Fahd Stadium,Dammam,Match Finished,FT,307,Pro League,2024,Regular Season - 19,2933,Al-Qadisiyah FC,2935,Al-Raed,2,0,1,0,2,0,7.0,6.0,21.0,8.0,12.0,9.0,12,4.0,,57.0,4.0,,1.0,537,482,90.0,1.0,4.0,5,,2.0,3.0,11,7.0,3.0,43.0,6.0,1.0,5.0,403,330,82.0
1252581,2025-02-06,1738855200,Abdallah Dafar,Al-Shabab Club Stadium,Riyadh,Match Finished,FT,307,Pro League,2024,Regular Season - 19,2940,Al Shabab,2928,Al Khaleej Saihat,5,1,1,1,5,1,8.0,6.0,14.0,,12.0,2.0,9,2.0,1.0,49.0,1.0,,8.0,458,401,88.0,9.0,6.0,18,3.0,12.0,6.0,4,8.0,2.0,51.0,2.0,,3.0,476,409,86.0
1252582,2025-02-06,1738861200,S. Ivanov,King Abdullah Sport City Stadium,Buraidah,Match Finished,FT,307,Pro League,2024,Regular Season - 19,2936,Al Taawon,2938,Al-Ittihad FC,1,2,1,1,1,2,2.0,6.0,13.0,5.0,8.0,5.0,11,3.0,,45.0,3.0,,9.0,485,400,82.0,11.0,4.0,20,5.0,12.0,8.0,9,3.0,2.0,55.0,1.0,,1.0,591,516,87.0
1252584,2025-02-07,1738933500,Mohammed Al Hoish,Al-Jouf University Stadium,Sakakah,Match Finished,FT,307,Pro League,2024,Regular Season - 19,2961,Al Orubah,2937,Al Wehda Club,4,2,2,1,4,2,5.0,4.0,12.0,3.0,9.0,3.0,16,,2.0,28.0,2.0,,3.0,253,173,68.0,5.0,3.0,15,7.0,10.0,5.0,11,7.0,,72.0,2.0,,1.0,623,544,87.0
1252587,2025-02-07,1738941600,N. Dabanović,Al-Awwal Park,Riyadh,Match Finished,FT,307,Pro League,2024,Regular Season - 19,2939,Al-Nassr,2944,Al-Fayha,3,0,1,0,3,0,6.0,5.0,14.0,3.0,10.0,4.0,17,2.0,5.0,64.0,3.0,,3.0,572,522,91.0,3.0,2.0,6,1.0,3.0,3.0,14,7.0,4.0,36.0,1.0,,3.0,322,256,80.0
1252586,2025-02-07,1738947600,K. Tohver,Prince Abdullah al-Faisal Stadium,Jeddah,Match Finished,FT,307,Pro League,2024,Regular Season - 19,2929,Al-Ahli Jeddah,2931,Al-Fateh,2,0,1,0,2,0,6.0,8.0,17.0,3.0,14.0,3.0,13,5.0,3.0,55.0,5.0,1.0,5.0,420,344,82.0,5.0,8.0,16,3.0,12.0,4.0,15,5.0,1.0,45.0,3.0,1.0,5.0,339,270,80.0
1252589,2025-02-08,1739022900,Sultan Alharbi,Ar-Rass Stadium,Rass,Match Finished,FT,307,Pro League,2024,Regular Season - 19,10509,Al Kholood,10511,Al Riyadh,3,2,0,1,3,2,7.0,3.0,13.0,3.0,8.0,5.0,11,5.0,2.0,53.0,1.0,,5.0,408,318,78.0,7.0,7.0,17,3.0,12.0,5.0,22,7.0,,47.0,3.0,,4.0,350,271,77.0
1252583,2025-02-08,1739029200,Abdulsamad Bakri,Prince Hathloul Bin Abdul Aziz Sport City Stadium,Najran,Match Finished,FT,307,Pro League,2024,Regular Season - 19,2977,Al Akhdoud,2934,Al-Ettifaq,0,2,0,1,0,2,2.0,6.0,9.0,1.0,3.0,6.0,14,7.0,7.0,52.0,2.0,1.0,3.0,408,343,84.0,5.0,5.0,12,2.0,6.0,6.0,13,8.0,,48.0,2.0,,2.0,375,312,83.0
1252585,2025-02-08,1739034000,S. Jablonski,Prince Sultan bin Abdulaziz Sports City Stadium,Abha,Match Finished,FT,307,Pro League,2024,Regular Season - 19,2956,Damac,2932,Al-Hilal Saudi FC,2,2,0,1,2,2,3.0,5.0,9.0,1.0,8.0,1.0,9,2.0,5.0,30.0,4.0,,8.0,219,157,72.0,10.0,7.0,22,5.0,16.0,6.0,7,13.0,3.0,70.0,4.0,,1.0,517,450,87.0
1252593,2025-02-13,1739455800,Mohammed Salm,Prince Hathloul Bin Abdul Aziz Sport City Stadium,Najran,Match Finished,FT,307,Pro League,2024,Regular Season - 20,2977,Al Akhdoud,2956,Damac,0,0,0,0,0,0,6.0,6.0,15.0,3.0,10.0,5.0,17,7.0,4.0,70.0,5.0,,3.0,606,540,89.0,3.0,2.0,5,,4.0,1.0,5,,,30.0,1.0,1.0,6.0,271,199,73.0
1252592,2025-02-13,1739460300,A. Herrera,Al-Shabab Club Stadium,Riyadh,Match Finished,FT,307,Pro League,2024,Regular Season - 20,2940,Al Shabab,2933,Al-Qadisiyah FC,2,3,1,0,2,3,4.0,2.0,10.0,4.0,9.0,1.0,12,7.0,3.0,53.0,2.0,,2.0,542,475,88.0,5.0,4.0,10,1.0,7.0,3.0,16,2.0,2.0,47.0,3.0,1.0,2.0,484,418,86.0
1252594,2025-02-13,1739467800,C. Ramos,Al Inma Bank Stadium at King Abdullah Sport City,Jeddah,Match Finished,FT,307,Pro League,2024,Regular Season - 20,2929,Al-Ahli Jeddah,2939,Al-Nassr,2,3,0,1,2,3,10.0,6.0,18.0,2.0,13.0,5.0,14,5.0,6.0,49.0,3.0,,3.0,329,268,81.0,6.0,3.0,12,3.0,6.0,6.0,9,5.0,,51.0,2.0,1.0,8.0,351,281,80.0
1252598,2025-02-14,1739542200,Abdullah Al Owaydan,Al-Jouf University Stadium,Sakakah,Match Finished,FT,307,Pro League,2024,Regular Season - 20,2961,Al Orubah,10509,Al Kholood,2,0,0,0,2,0,2.0,1.0,4.0,1.0,3.0,1.0,10,2.0,,49.0,3.0,,6.0,334,256,77.0,7.0,8.0,19,4.0,10.0,9.0,14,5.0,2.0,51.0,5.0,,,361,289,80.0
1252596,2025-02-14,1739545500,Abdullah Al-Kharbosh,EGO Stadium,Dammam,Match Finished,FT,307,Pro League,2024,Regular Season - 20,2934,Al-Ettifaq,2931,Al-Fateh,1,2,1,2,1,2,5.0,5.0,11.0,1.0,8.0,3.0,6,1.0,3.0,53.0,2.0,,4.0,380,306,81.0,5.0,6.0,12,1.0,10.0,2.0,18,6.0,3.0,47.0,2.0,,4.0,336,271,81.0
1252595,2025-02-14,1739552400,I. Barton,Kingdom Arena,Riyadh,Match Finished,FT,307,Pro League,2024,Regular Season - 20,2932,Al-Hilal Saudi FC,10511,Al Riyadh,1,1,0,1,1,1,6.0,9.0,18.0,3.0,11.0,7.0,12,7.0,1.0,72.0,1.0,,1.0,633,575,91.0,2.0,4.0,6,,2.0,4.0,11,3.0,7.0,28.0,1.0,,5.0,253,178,70.0
1252597,2025-02-15,1739626500,Mohammed Abu Shaqarah,Prince Mohamed bin Fahd Stadium,Dammam,Match Finished,FT,307,Pro League,2024,Regular Season - 20,2928,Al Khaleej Saihat,2936,Al Taawon,0,1,0,0,0,1,6.0,8.0,19.0,5.0,11.0,8.0,11,3.0,1.0,45.0,1.0,,7.0,397,331,83.0,8.0,8.0,23,7.0,15.0,8.0,13,5.0,1.0,55.0,3.0,,6.0,486,417,86.0
1252590,2025-02-15,1739633400,Khalid Al Turais,King Abdullah Sport City Stadium,Buraidah,Match Finished,FT,307,Pro League,2024,Regular Season - 20,2935,Al-Raed,2944,Al-Fayha,0,2,0,0,0,2,1.0,,4.0,3.0,1.0,3.0,11,4.0,3.0,62.0,1.0,,1.0,621,527,85.0,3.0,5.0,8,,7.0,1.0,19,3.0,,38.0,4.0,,1.0,384,307,80.0
1252591,2025-02-15,1739640600,S. Zunino,King Abdulaziz Sports City Stadium,Mecca,Match Finished,FT,307,Pro League,2024,Regular Season - 20,2937,Al Wehda Club,2938,Al-Ittihad FC,1,4,1,2,1,4,6.0,2.0,10.0,2.0,6.0,4.0,3,,1.0,29.0,1.0,,2.0,286,225,79.0,5.0,8.0,19,6.0,15.0,4.0,6,6.0,2.0,71.0,,,5.0,716,654,91.0
1252601,2025-02-20,1740064500,Sultan Alharbi,Al Fateh Club Stadium,Al-Hofuf,Match Finished,FT,307,Pro League,2024,Regular Season - 21,2931,Al-Fateh,2961,Al Orubah,1,0,1,0,1,0,5.0,8.0,17.0,4.0,10.0,7.0,19,5.0,,57.0,3.0,,4.0,454,385,85.0,4.0,6.0,14,4.0,3.0,11.0,7,7.0,,43.0,4.0,,4.0,337,247,73.0
1252606,2025-02-20,1740065400,Shukri Al Hanfosh,Al Majma'ah Sports City Stadium,Al Majma'ah,Match Finished,FT,307,Pro League,2024,Regular Season - 21,2944,Al-Fayha,2928,Al Khaleej Saihat,0,0,0,0,0,0,,1.0,1.0,,1.0,,12,2.0,2.0,38.0,2.0,,5.0,305,239,78.0,5.0,5.0,12,2.0,8.0,4.0,12,5.0,2.0,62.0,1.0,,,483,415,86.0
1252600,2025-02-20,1740070800,Mohammed Al-Ismail,Prince Faisal bin Fahd Stadium,Riyadh,Match Finished,FT,307,Pro League,2024,Regular Season - 21,10511,Al Riyadh,2935,Al-Raed,1,3,0,2,1,3,3.0,5.0,12.0,4.0,6.0,6.0,15,3.0,2.0,58.0,1.0,,,478,415,87.0,3.0,3.0,9,3.0,5.0,4.0,7,1.0,2.0,42.0,7.0,1.0,3.0,361,289,80.0
1252604,2025-02-21,1740147600,D. Rumšas,Prince Sultan bin Abdulaziz Sports City Stadium,Abha,Match Finished,FT,307,Pro League,2024,Regular Season - 21,2956,Damac,2929,Al-Ahli Jeddah,0,2,0,1,0,2,4.0,4.0,15.0,7.0,10.0,5.0,12,6.0,3.0,39.0,2.0,,2.0,284,227,80.0,4.0,2.0,7,1.0,5.0,2.0,17,2.0,2.0,61.0,7.0,,4.0,468,395,84.0
1252607,2025-02-21,1740150600,João Pedro Pinheiro,Prince Mohamed bin Fahd Stadium,Dammam,Match Finished,FT,307,Pro League,2024,Regular Season - 21,2933,Al-Qadisiyah FC,2977,Al Akhdoud,2,0,1,0,2,0,5.0,1.0,9.0,3.0,6.0,3.0,10,9.0,2.0,50.0,,,1.0,397,338,85.0,1.0,4.0,6,1.0,4.0,2.0,12,4.0,6.0,50.0,1.0,,3.0,400,344,86.0
1252602,2025-02-21,1740157200,K. Levnikov,Al-Awwal Park,Riyadh,Match Finished,FT,307,Pro League,2024,Regular Season - 21,2939,Al-Nassr,2934,Al-Ettifaq,2,3,0,0,2,3,10.0,6.0,19.0,3.0,11.0,8.0,7,5.0,8.0,58.0,1.0,1.0,7.0,487,436,90.0,9.0,6.0,17,2.0,10.0,7.0,7,5.0,1.0,42.0,3.0,,8.0,353,295,84.0
1252599,2025-02-22,1740229200,Khalid Al Turais,Ar-Rass Stadium,Rass,Match Finished,FT,307,Pro League,2024,Regular Season - 21,10509,Al Kholood,2937,Al Wehda Club,1,0,1,0,1,0,6.0,9.0,18.0,3.0,12.0,6.0,11,2.0,,39.0,1.0,,2.0,327,247,76.0,2.0,9.0,16,5.0,10.0,6.0,12,4.0,1.0,61.0,2.0,,5.0,495,402,81.0
1252605,2025-02-22,1740233100,Faisal Alblwi,Al Taawoun Club Stadium,Buraidah,Match Finished,FT,307,Pro League,2024,Regular Season - 21,2936,Al Taawon,2940,Al Shabab,2,2,1,2,2,2,5.0,6.0,16.0,5.0,11.0,5.0,8,8.0,1.0,45.0,1.0,1.0,1.0,389,327,84.0,3.0,,7,4.0,4.0,3.0,15,3.0,3.0,55.0,5.0,,3.0,491,439,89.0
1252603,2025-02-22,1740248100,D. Siebert,Al Inma Bank Stadium at King Abdullah Sport City,Jeddah,Match Finished,FT,307,Pro League,2024,Regular Season - 21,2938,Al-Ittihad FC,2932,Al-Hilal Saudi FC,4,1,2,1,4,1,6.0,1.0,11.0,4.0,10.0,1.0,10,6.0,6.0,44.0,3.0,,3.0,354,287,81.0,3.0,13.0,24,8.0,12.0,12.0,14,10.0,1.0,56.0,3.0,,2.0,429,369,86.0
1252615,2025-02-24,1740406500,Majed Alshamrani,Prince Hathloul Bin Abdul Aziz Sport City Stadium,Najran,Match Finished,FT,307,Pro League,2024,Regular Season - 22,2977,Al Akhdoud,2931,Al-Fateh,1,3,1,1,1,3,4.0,6.0,12.0,2.0,7.0,5.0,13,4.0,2.0,53.0,5.0,,3.0,329,242,74.0,7.0,7.0,20,6.0,14.0,6.0,15,8.0,2.0,47.0,2.0,,3.0,293,230,78.0
1252608,2025-02-24,1740412200,Faisal Alblwi,Dhamak Club Stadium,Khamis Mushait,Match Finished,FT,307,Pro League,2024,Regular Season - 22,2956,Damac,2961,Al Orubah,1,2,0,0,1,2,3.0,10.0,15.0,2.0,6.0,9.0,10,3.0,2.0,51.0,1.0,,3.0,400,323,81.0,5.0,3.0,10,2.0,4.0,6.0,7,3.0,,49.0,3.0,,2.0,387,308,80.0
1252616,2025-02-25,1740492600,Abdullah Al-Kharbosh,King Abdullah Sport City Stadium,Buraidah,Match Finished,FT,307,Pro League,2024,Regular Season - 22,2935,Al-Raed,2940,Al Shabab,1,2,0,1,1,2,7.0,4.0,13.0,2.0,6.0,7.0,8,3.0,8.0,49.0,1.0,,6.0,483,419,87.0,8.0,8.0,19,3.0,14.0,5.0,9,4.0,2.0,51.0,1.0,,6.0,510,434,85.0
1252610,2025-02-25,1740497400,T. Bognár,Kingdom Arena,Riyadh,Match Finished,FT,307,Pro League,2024,Regular Season - 22,2932,Al-Hilal Saudi FC,10509,Al Kholood,5,1,4,0,5,1,9.0,9.0,18.0,,16.0,2.0,15,3.0,1.0,65.0,,,1.0,645,589,91.0,2.0,2.0,5,1.0,5.0,,8,3.0,2.0,35.0,,,4.0,345,290,84.0
1252609,2025-02-25,1740499200,H. Osmers,King Abdulaziz Sports City Stadium,Mecca,Match Finished,FT,307,Pro League,2024,Regular Season - 22,2937,Al Wehda Club,2939,Al-Nassr,0,2,0,0,0,2,3.0,4.0,8.0,1.0,2.0,6.0,16,4.0,2.0,37.0,3.0,,4.0,267,190,71.0,6.0,4.0,17,7.0,11.0,6.0,13,11.0,3.0,63.0,1.0,,3.0,460,381,83.0
1252613,2025-02-25,1740504600,G. Kabakov,Al Inma Bank Stadium at King Abdullah Sport City,Jeddah,Match Finished,FT,307,Pro League,2024,Regular Season - 22,2929,Al-Ahli Jeddah,2933,Al-Qadisiyah FC,4,1,3,0,4,1,7.0,2.0,10.0,1.0,7.0,3.0,17,1.0,3.0,38.0,2.0,,4.0,284,219,77.0,5.0,3.0,9,1.0,6.0,3.0,14,8.0,,62.0,3.0,,4.0,461,386,84.0
1252612,2025-02-26,1740582900,Sultan Alharbi,EGO Stadium,Dammam,Match Finished,FT,307,Pro League,2024,Regular Season - 22,2934,Al-Ettifaq,2936,Al Taawon,1,0,0,0,1,0,2.0,5.0,9.0,2.0,5.0,4.0,9,3.0,1.0,54.0,1.0,,3.0,508,436,86.0,3.0,3.0,6,,3.0,3.0,8,4.0,6.0,46.0,2.0,,1.0,442,380,86.0
1252611,2025-02-26,1740583800,Ahmad Al Rumaikhani,Prince Faisal bin Fahd Stadium,Riyadh,Match Finished,FT,307,Pro League,2024,Regular Season - 22,10511,Al Riyadh,2944,Al-Fayha,0,0,0,0,0,0,4.0,6.0,11.0,1.0,8.0,3.0,11,3.0,2.0,44.0,2.0,,3.0,388,317,82.0,3.0,4.0,9,2.0,4.0,5.0,6,8.0,3.0,56.0,1.0,,4.0,502,423,84.0
1252614,2025-02-26,1740589200,A. Treimanis,Prince Mohamed bin Fahd Stadium,Dammam,Match Finished,FT,307,Pro League,2024,Regular Season - 22,2928,Al Khaleej Saihat,2938,Al-Ittihad FC,1,1,0,0,1,1,5.0,4.0,12.0,3.0,10.0,2.0,6,6.0,1.0,47.0,2.0,,4.0,486,408,84.0,5.0,2.0,12,5.0,6.0,6.0,9,6.0,1.0,53.0,,,3.0,559,483,86.0
1252618,2025-02-28,1740769200,M. Ramírez,Al-Jouf University Stadium,Sakakah,Match Finished,FT,307,Pro League,2024,Regular Season - 23,2961,Al Orubah,2939,Al-Nassr,2,1,1,0,2,1,2.0,3.0,7.0,2.0,2.0,5.0,13,,,28.0,2.0,,8.0,248,160,65.0,9.0,9.0,22,4.0,15.0,7.0,8,8.0,3.0,72.0,2.0,,,605,538,89.0
1252624,2025-02-28,1740769200,Khalid Al Turais,Al-Shabab Club Stadium,Riyadh,Match Finished,FT,307,Pro League,2024,Regular Season - 23,2940,Al Shabab,2956,Damac,2,0,0,0,2,0,4.0,9.0,19.0,6.0,12.0,7.0,12,9.0,3.0,64.0,1.0,,2.0,596,526,88.0,2.0,5.0,7,,2.0,5.0,8,2.0,3.0,36.0,1.0,,2.0,339,250,74.0
1252619,2025-02-28,1740769200,I. Peljto,Kingdom Arena,Riyadh,Match Finished,FT,307,Pro League,2024,Regular Season - 23,2932,Al-Hilal Saudi FC,2929,Al-Ahli Jeddah,2,3,0,0,2,3,3.0,6.0,15.0,6.0,11.0,4.0,13,8.0,,64.0,2.0,,,489,411,84.0,3.0,2.0,6,1.0,6.0,,16,2.0,2.0,36.0,2.0,,1.0,277,212,77.0
1252621,2025-03-01,1740855600,Sami Al Jires,Al Fateh Club Stadium,Al-Hofuf,Match Finished,FT,307,Pro League,2024,Regular Season - 23,2931,Al-Fateh,2936,Al Taawon,1,2,1,0,1,2,8.0,10.0,23.0,5.0,15.0,8.0,20,6.0,1.0,48.0,3.0,1.0,3.0,335,279,83.0,5.0,4.0,11,2.0,6.0,5.0,18,4.0,4.0,52.0,4.0,,6.0,390,302,77.0
1252617,2025-03-01,1740855600,Abdullah Dhafer Al Shehri,Al Majma'ah Sports City Stadium,Al Majma'ah,Match Finished,FT,307,Pro League,2024,Regular Season - 23,2944,Al-Fayha,2937,Al Wehda Club,0,0,0,0,0,0,1.0,5.0,9.0,3.0,9.0,,11,6.0,6.0,56.0,,,2.0,433,347,80.0,2.0,9.0,14,3.0,7.0,7.0,10,1.0,1.0,44.0,2.0,,1.0,337,248,74.0
1252620,2025-03-01,1740855600,Khald Alahmari,Ar-Rass Stadium,Rass,Match Finished,FT,307,Pro League,2024,Regular Season - 23,10509,Al Kholood,2928,Al Khaleej Saihat,2,1,2,1,2,1,4.0,1.0,7.0,2.0,6.0,1.0,18,4.0,2.0,38.0,2.0,,3.0,328,257,78.0,4.0,7.0,11,,7.0,4.0,13,5.0,3.0,62.0,4.0,,2.0,540,460,85.0
1252625,2025-03-02,1740942000,S. Karasev,Prince Mohamed bin Fahd Stadium,Dammam,Match Finished,FT,307,Pro League,2024,Regular Season - 23,2933,Al-Qadisiyah FC,10511,Al Riyadh,1,0,0,0,1,0,10.0,9.0,23.0,4.0,20.0,3.0,8,12.0,1.0,68.0,2.0,,1.0,578,517,89.0,1.0,2.0,4,1.0,,4.0,6,3.0,4.0,32.0,3.0,1.0,8.0,273,199,73.0
1252622,2025-03-02,1740942000,Fareeh Al Jaloud,Al Raid Club Stadium,Buraidah,Match Finished,FT,307,Pro League,2024,Regular Season - 23,2935,Al-Raed,2934,Al-Ettifaq,1,1,0,0,1,1,3.0,3.0,6.0,,5.0,1.0,10,9.0,1.0,32.0,3.0,,2.0,286,219,77.0,3.0,,8,5.0,5.0,3.0,13,4.0,1.0,68.0,4.0,,2.0,640,558,87.0
1252623,2025-03-02,1740942000,J. Valenzuela,Al Inma Bank Stadium at King Abdullah Sport City,Jeddah,Match Finished,FT,307,Pro League,2024,Regular Season - 23,2938,Al-Ittihad FC,2977,Al Akhdoud,1,1,1,0,1,1,3.0,2.0,6.0,1.0,5.0,1.0,7,5.0,1.0,67.0,,,,749,672,90.0,1.0,7.0,10,2.0,7.0,3.0,12,5.0,3.0,33.0,3.0,,2.0,352,280,80.0
1252627,2025-03-06,1741287600,E. Ostojich,Prince Mohamed bin Fahd Stadium,Dammam,Match Finished,FT,307,Pro League,2024,Regular Season - 24,2933,Al-Qadisiyah FC,2938,Al-Ittihad FC,1,1,0,0,1,1,6.0,9.0,19.0,4.0,13.0,6.0,12,4.0,1.0,46.0,,,4.0,462,408,88.0,5.0,1.0,6,,4.0,2.0,8,2.0,3.0,54.0,3.0,,4.0,575,504,88.0
1252632,2025-03-06,1741287600,Sultan Alharbi,Ar-Rass Stadium,Rass,Match Finished,FT,307,Pro League,2024,Regular Season - 24,10509,Al Kholood,2931,Al-Fateh,2,1,1,0,2,1,5.0,4.0,14.0,5.0,11.0,3.0,8,4.0,1.0,45.0,2.0,,5.0,325,246,76.0,6.0,8.0,19,5.0,14.0,5.0,13,7.0,,55.0,3.0,1.0,4.0,387,319,82.0
1252634,2025-03-06,1741291200,Faisal Alblwi,King Abdulaziz Sports City Stadium,Mecca,Match Finished,FT,307,Pro League,2024,Regular Season - 24,2937,Al Wehda Club,2935,Al-Raed,3,1,1,1,3,1,9.0,7.0,21.0,5.0,16.0,5.0,11,4.0,,47.0,4.0,,4.0,382,302,79.0,5.0,1.0,8,2.0,5.0,3.0,10,5.0,2.0,53.0,2.0,,6.0,443,362,82.0
1252629,2025-03-07,1741374000,Cláudio Pereira,Prince Abdullah al-Faisal Stadium,Jeddah,Match Finished,FT,307,Pro League,2024,Regular Season - 24,2929,Al-Ahli Jeddah,2928,Al Khaleej Saihat,2,2,1,2,2,2,5.0,8.0,16.0,3.0,13.0,3.0,17,2.0,,62.0,3.0,,1.0,490,410,84.0,3.0,2.0,7,2.0,2.0,5.0,6,2.0,3.0,38.0,2.0,,4.0,311,230,74.0
1252631,2025-03-07,1741374000,F. Tello,Al-Awwal Park,Riyadh,Match Finished,FT,307,Pro League,2024,Regular Season - 24,2939,Al-Nassr,2940,Al Shabab,2,2,2,1,2,2,7.0,2.0,15.0,6.0,10.0,5.0,15,2.0,4.0,42.0,2.0,1.0,5.0,365,293,80.0,7.0,5.0,19,7.0,7.0,12.0,11,4.0,,58.0,3.0,,4.0,498,435,87.0
1252630,2025-03-07,1741374000,Bruno Arleu de Araújo,King Abdullah Sport City Stadium,Buraidah,Match Finished,FT,307,Pro League,2024,Regular Season - 24,2944,Al-Fayha,2932,Al-Hilal Saudi FC,0,2,0,1,0,2,,5.0,7.0,2.0,4.0,3.0,12,4.0,4.0,49.0,2.0,,2.0,437,369,84.0,4.0,8.0,15,3.0,11.0,4.0,10,4.0,1.0,51.0,,,,464,385,83.0
1252633,2025-03-08,1741460400,Mohammed Al Hoish,Al Taawoun Club Stadium,Buraidah,Match Finished,FT,307,Pro League,2024,Regular Season - 24,2936,Al Taawon,2956,Damac,3,0,3,0,3,0,7.0,10.0,23.0,6.0,18.0,5.0,17,7.0,1.0,75.0,3.0,,3.0,679,644,95.0,3.0,1.0,9,5.0,5.0,4.0,10,2.0,2.0,25.0,,1.0,3.0,227,177,78.0
1252628,2025-03-08,1741460400,Ahmad Al Rumaikhani,Al-Jouf University Stadium,Sakakah,Match Finished,FT,307,Pro League,2024,Regular Season - 24,2961,Al Orubah,2934,Al-Ettifaq,1,2,0,1,1,2,2.0,4.0,10.0,4.0,6.0,4.0,15,6.0,2.0,47.0,2.0,,1.0,390,319,82.0,3.0,12.0,17,2.0,14.0,3.0,15,3.0,4.0,53.0,2.0,,1.0,442,386,87.0
1252626,2025-03-08,1741460400,Shukri Al Hanfosh,Prince Faisal bin Fahd Stadium,Riyadh,Match Finished,FT,307,Pro League,2024,Regular Season - 24,10511,Al Riyadh,2977,Al Akhdoud,1,0,0,0,1,0,5.0,5.0,13.0,3.0,5.0,8.0,8,7.0,,55.0,3.0,,1.0,440,373,85.0,1.0,4.0,6,1.0,5.0,1.0,11,1.0,5.0,45.0,1.0,,4.0,358,286,80.0
1252639,2025-03-13,1741892400,Majed Alshamrani,Al Fateh Club Stadium,Al-Hofuf,Match Finished,FT,307,Pro League,2024,Regular Season - 25,2931,Al-Fateh,2935,Al-Raed,3,1,1,0,3,1,6.0,8.0,14.0,,5.0,9.0,14,4.0,1.0,55.0,2.0,,3.0,415,347,84.0,4.0,5.0,14,5.0,6.0,8.0,8,9.0,1.0,45.0,1.0,,3.0,323,260,80.0
1252635,2025-03-13,1741892400,I. Pajač,Prince Abdullah Al Faisal Sports City Stadium,Jeddah,Match Finished,FT,307,Pro League,2024,Regular Season - 25,2938,Al-Ittihad FC,10511,Al Riyadh,2,1,0,0,2,1,5.0,2.0,10.0,3.0,8.0,2.0,5,7.0,5.0,58.0,1.0,,4.0,517,461,89.0,5.0,5.0,12,2.0,6.0,6.0,10,5.0,5.0,42.0,3.0,,3.0,370,316,85.0
1252637,2025-03-13,1741892400,Mohammed Al Hoish,Al-Shabab Club Stadium,Riyadh,Match Finished,FT,307,Pro League,2024,Regular Season - 25,2940,Al Shabab,2961,Al Orubah,6,0,2,0,6,0,7.0,10.0,18.0,1.0,14.0,4.0,8,7.0,4.0,64.0,1.0,,2.0,570,522,92.0,2.0,,4,2.0,1.0,3.0,7,2.0,,36.0,1.0,,1.0,316,257,81.0
1252640,2025-03-14,1741978800,N. Minaković,Dhamak Club Stadium,Khamis Mushait,Match Finished,FT,307,Pro League,2024,Regular Season - 25,2956,Damac,2933,Al-Qadisiyah FC,1,0,0,0,1,0,1.0,2.0,6.0,3.0,3.0,3.0,7,,6.0,40.0,1.0,,4.0,375,288,77.0,4.0,4.0,14,6.0,7.0,7.0,19,8.0,,60.0,4.0,,,532,470,88.0
1252638,2025-03-14,1741978800,Mohammed Alharbi,Prince Mohamed bin Fahd Stadium,Dammam,Match Finished,FT,307,Pro League,2024,Regular Season - 25,2928,Al Khaleej Saihat,2937,Al Wehda Club,0,2,0,1,0,2,6.0,5.0,14.0,3.0,8.0,6.0,9,9.0,2.0,70.0,1.0,,2.0,585,511,87.0,4.0,2.0,7,1.0,5.0,2.0,12,2.0,1.0,30.0,4.0,,6.0,263,190,72.0
1252641,2025-03-14,1741978800,Faisal Alblwi,Al-Awwal Park,Riyadh,Match Finished,FT,307,Pro League,2024,Regular Season - 25,2939,Al-Nassr,10509,Al Kholood,3,1,3,0,3,1,7.0,4.0,13.0,2.0,8.0,5.0,18,2.0,,47.0,3.0,1.0,3.0,365,295,81.0,3.0,7.0,23,13.0,10.0,13.0,7,12.0,,53.0,1.0,,4.0,412,364,88.0
1252636,2025-03-15,1742065200,Abdulsamad Bakri,EGO Stadium,Dammam,Match Finished,FT,307,Pro League,2024,Regular Season - 25,2934,Al-Ettifaq,2944,Al-Fayha,0,2,0,1,0,2,6.0,8.0,22.0,8.0,14.0,8.0,11,8.0,2.0,62.0,3.0,,1.0,504,432,86.0,2.0,4.0,7,1.0,5.0,2.0,12,5.0,,38.0,3.0,,5.0,310,236,76.0
1252642,2025-03-15,1742065200,D. Rumšas,King Abdullah Sport City Stadium,Buraidah,Match Finished,FT,307,Pro League,2024,Regular Season - 25,2936,Al Taawon,2932,Al-Hilal Saudi FC,0,2,0,1,0,2,1.0,7.0,10.0,2.0,5.0,5.0,11,6.0,7.0,56.0,1.0,,6.0,474,411,87.0,8.0,7.0,17,2.0,13.0,4.0,8,4.0,,44.0,2.0,,1.0,371,302,81.0
1252643,2025-03-15,1742065200,A. Sidiropoulos,Prince Hathloul Bin Abdul Aziz Sport City Stadium,Najran,Match Finished,FT,307,Pro League,2024,Regular Season - 25,2977,Al Akhdoud,2929,Al-Ahli Jeddah,2,1,0,1,2,1,5.0,5.0,14.0,4.0,12.0,2.0,13,5.0,1.0,54.0,6.0,,4.0,395,324,82.0,4.0,4.0,12,4.0,7.0,5.0,16,4.0,1.0,46.0,4.0,,3.0,349,274,79.0
1252648,2025-04-04,1743777000,Shukri Al Hanfosh,Ar-Rass Stadium,Rass,Match Finished,FT,307,Pro League,2024,Regular Season - 26,10509,Al Kholood,2936,Al Taawon,0,2,0,0,0,2,4.0,5.0,10.0,1.0,6.0,4.0,11,7.0,,37.0,,,3.0,281,236,84.0,5.0,5.0,18,8.0,13.0,5.0,11,10.0,3.0,63.0,3.0,,4.0,486,431,89.0
1252644,2025-04-04,1743777900,A. Treimanis,Al-Jouf University Stadium,Sakakah,Match Finished,FT,307,Pro League,2024,Regular Season - 26,2961,Al Orubah,2977,Al Akhdoud,0,1,0,1,0,1,8.0,3.0,15.0,4.0,9.0,6.0,9,6.0,,57.0,1.0,,4.0,427,358,84.0,5.0,9.0,18,4.0,14.0,4.0,14,9.0,4.0,43.0,1.0,,8.0,308,246,80.0
1252645,2025-04-04,1743789600,G. Kabakov,Kingdom Arena,Riyadh,Match Finished,FT,307,Pro League,2024,Regular Season - 26,2932,Al-Hilal Saudi FC,2939,Al-Nassr,1,3,0,1,1,3,3.0,6.0,16.0,7.0,9.0,7.0,12,10.0,1.0,59.0,1.0,,5.0,394,322,82.0,8.0,5.0,18,5.0,13.0,5.0,7,7.0,5.0,41.0,,,2.0,280,208,74.0
1252651,2025-04-05,1743861900,M. Escobar,Prince Mohamed bin Fahd Stadium,Dammam,Match Finished,FT,307,Pro League,2024,Regular Season - 26,2933,Al-Qadisiyah FC,2934,Al-Ettifaq,1,1,1,0,1,1,5.0,7.0,14.0,2.0,8.0,6.0,7,8.0,1.0,55.0,2.0,,3.0,477,407,85.0,4.0,3.0,8,1.0,6.0,2.0,10,2.0,1.0,45.0,4.0,,4.0,388,327,84.0
1252647,2025-04-05,1743862500,Abdullah Al-Harbi,Prince Faisal bin Fahd Stadium,Riyadh,Match Finished,FT,307,Pro League,2024,Regular Season - 26,10511,Al Riyadh,2956,Damac,0,0,0,0,0,0,4.0,9.0,14.0,1.0,6.0,8.0,10,5.0,3.0,52.0,2.0,,3.0,445,392,88.0,3.0,2.0,6,1.0,6.0,,7,3.0,3.0,48.0,1.0,,4.0,438,383,87.0
1252649,2025-04-05,1743876000,S. Ivanov,Al Inma Bank Stadium at King Abdullah Sport City,Jeddah,Match Finished,FT,307,Pro League,2024,Regular Season - 26,2929,Al-Ahli Jeddah,2938,Al-Ittihad FC,2,2,0,0,2,2,7.0,5.0,13.0,1.0,9.0,4.0,18,6.0,3.0,47.0,4.0,,,328,252,77.0,2.0,4.0,6,,5.0,1.0,13,1.0,1.0,53.0,2.0,,5.0,369,287,78.0
1252650,2025-04-06,1743949500,Ahmad Al Rumaikhani,Al Majma'ah Sports City Stadium,Al Majma'ah,Match Finished,FT,307,Pro League,2024,Regular Season - 26,2944,Al-Fayha,2931,Al-Fateh,1,1,0,1,1,1,3.0,8.0,14.0,3.0,10.0,4.0,9,6.0,4.0,49.0,1.0,,2.0,297,216,73.0,3.0,7.0,11,1.0,4.0,7.0,17,5.0,2.0,51.0,1.0,,1.0,318,229,72.0
1252652,2025-04-06,1743955200,Khalid Al Turais,Al Raid Club Stadium,Buraidah,Match Finished,FT,307,Pro League,2024,Regular Season - 26,2935,Al-Raed,2928,Al Khaleej Saihat,1,2,1,0,1,2,3.0,6.0,9.0,,5.0,4.0,11,4.0,1.0,40.0,1.0,,5.0,340,256,75.0,7.0,10.0,19,2.0,13.0,6.0,9,10.0,2.0,60.0,4.0,,2.0,508,437,86.0
1252646,2025-04-06,1743962400,Mohammed Al Hoish,King Abdulaziz Sports City Stadium,Mecca,Match Finished,FT,307,Pro League,2024,Regular Season - 26,2937,Al Wehda Club,2940,Al Shabab,1,3,0,1,1,3,4.0,6.0,10.0,,5.0,5.0,10,,4.0,38.0,2.0,,2.0,350,274,78.0,4.0,4.0,10,2.0,6.0,4.0,12,4.0,1.0,62.0,1.0,,3.0,566,482,85.0
1252655,2025-04-10,1744300200,Abdullah Al Owaydan,Al-Shabab Club Stadium,Riyadh,Match Finished,FT,307,Pro League,2024,Regular Season - 27,2940,Al Shabab,10509,Al Kholood,2,0,2,0,2,0,6.0,10.0,18.0,2.0,14.0,4.0,3,5.0,1.0,57.0,1.0,,6.0,485,416,86.0,6.0,6.0,21,9.0,11.0,10.0,10,9.0,1.0,43.0,1.0,,4.0,362,306,85.0
1252653,2025-04-10,1744300800,Sultan Alharbi,Dhamak Club Stadium,Khamis Mushait,Match Finished,FT,307,Pro League,2024,Regular Season - 27,2956,Damac,2937,Al Wehda Club,0,1,0,0,0,1,1.0,4.0,8.0,3.0,4.0,4.0,9,,,47.0,3.0,1.0,3.0,389,324,83.0,4.0,7.0,14,3.0,10.0,4.0,15,,,53.0,2.0,,1.0,426,367,86.0
1252659,2025-04-10,1744308000,A. Sidiropoulos,Al Inma Bank Stadium at King Abdullah Sport City,Jeddah,Match Finished,FT,307,Pro League,2024,Regular Season - 27,2938,Al-Ittihad FC,2961,Al Orubah,2,0,1,0,2,0,12.0,10.0,26.0,4.0,13.0,13.0,11,6.0,3.0,68.0,3.0,,2.0,699,645,92.0,2.0,5.0,11,4.0,5.0,6.0,6,2.0,2.0,32.0,3.0,,10.0,319,265,83.0
1252660,2025-04-11,1744386900,S. Gishamer,Prince Hathloul Bin Abdul Aziz Sport City Stadium,Najran,Match Finished,FT,307,Pro League,2024,Regular Season - 27,2977,Al Akhdoud,2936,Al Taawon,1,1,1,0,1,1,3.0,8.0,12.0,1.0,5.0,7.0,20,4.0,,42.0,1.0,,2.0,367,296,81.0,3.0,4.0,7,,4.0,3.0,10,4.0,,58.0,3.0,,2.0,517,450,87.0
1252657,2025-04-11,1744387200,T. Bognár,King Abdullah Sport City Stadium,Buraidah,Match Finished,FT,307,Pro League,2024,Regular Season - 27,2935,Al-Raed,2929,Al-Ahli Jeddah,0,2,0,1,0,2,3.0,1.0,7.0,3.0,5.0,2.0,14,3.0,,46.0,3.0,,2.0,430,365,85.0,4.0,4.0,12,4.0,9.0,3.0,12,4.0,1.0,54.0,1.0,,3.0,499,420,84.0
1252654,2025-04-11,1744394400,N. Dabanović,EGO Stadium,Dammam,Match Finished,FT,307,Pro League,2024,Regular Season - 27,2934,Al-Ettifaq,2932,Al-Hilal Saudi FC,1,1,1,0,1,1,3.0,5.0,11.0,3.0,6.0,5.0,14,6.0,3.0,39.0,3.0,,5.0,333,261,78.0,6.0,8.0,15,1.0,11.0,4.0,12,9.0,6.0,61.0,2.0,,2.0,527,463,88.0
1252656,2025-04-12,1744472100,Abdullah Al-Harbi,Prince Mohamed bin Fahd Stadium,Dammam,Match Finished,FT,307,Pro League,2024,Regular Season - 27,2928,Al Khaleej Saihat,2931,Al-Fateh,1,5,1,1,1,5,4.0,3.0,11.0,4.0,8.0,3.0,5,7.0,2.0,46.0,1.0,,7.0,339,264,78.0,12.0,7.0,24,5.0,17.0,7.0,16,7.0,3.0,54.0,2.0,,3.0,382,320,84.0
1252658,2025-04-12,1744473600,J. Valenzuela,King Abdullah Sport City Stadium,Buraidah,Match Finished,FT,307,Pro League,2024,Regular Season - 27,2944,Al-Fayha,2933,Al-Qadisiyah FC,2,1,1,0,2,1,2.0,3.0,7.0,2.0,4.0,3.0,15,2.0,5.0,37.0,1.0,,4.0,351,271,77.0,7.0,8.0,19,4.0,12.0,7.0,6,11.0,1.0,63.0,,,,572,487,85.0
1252661,2025-04-12,1744480800,E. Lambrechts,Al-Awwal Park,Riyadh,Match Finished,FT,307,Pro League,2024,Regular Season - 27,2939,Al-Nassr,10511,Al Riyadh,2,1,0,1,2,1,7.0,12.0,19.0,,16.0,3.0,11,8.0,3.0,67.0,2.0,,7.0,561,496,88.0,8.0,5.0,15,2.0,5.0,10.0,19,,1.0,33.0,4.0,1.0,5.0,271,216,80.0
1252662,2025-04-17,1744904400,Khald Alahmari,EGO Stadium,Dammam,Match Finished,FT,307,Pro League,2024,Regular Season - 28,2934,Al-Ettifaq,10511,Al Riyadh,1,0,0,0,1,0,6.0,1.0,9.0,2.0,6.0,3.0,11,1.0,5.0,64.0,3.0,,2.0,539,462,86.0,2.0,8.0,14,4.0,4.0,10.0,10,7.0,3.0,36.0,2.0,,5.0,288,213,74.0
1252664,2025-04-17,1744905000,S. Gözübüyük,Kingdom Arena,Riyadh,Match Finished,FT,307,Pro League,2024,Regular Season - 28,2932,Al-Hilal Saudi FC,2928,Al Khaleej Saihat,3,0,1,0,3,0,9.0,10.0,24.0,5.0,16.0,8.0,16,9.0,,59.0,2.0,,2.0,489,425,87.0,2.0,5.0,10,3.0,5.0,5.0,5,4.0,4.0,41.0,1.0,,7.0,336,270,80.0
1252670,2025-04-17,1744905000,Majed Alshamrani,Al-Shabab Club Stadium,Riyadh,Match Finished,FT,307,Pro League,2024,Regular Season - 28,2940,Al Shabab,2977,Al Akhdoud,0,0,0,0,0,0,1.0,5.0,9.0,3.0,6.0,3.0,12,3.0,4.0,62.0,3.0,,,489,432,88.0,,9.0,13,4.0,6.0,7.0,12,10.0,4.0,38.0,3.0,,1.0,294,235,80.0
1252667,2025-04-17,1744912800,F. Tello,Al Fateh Club Stadium,Al-Hofuf,Match Finished,FT,307,Pro League,2024,Regular Season - 28,2931,Al-Fateh,2938,Al-Ittihad FC,2,0,1,0,2,0,5.0,10.0,18.0,3.0,12.0,6.0,18,3.0,2.0,30.0,2.0,,5.0,221,167,76.0,5.0,2.0,12,5.0,9.0,3.0,10,7.0,5.0,70.0,1.0,,3.0,513,423,82.0
1252663,2025-04-18,1744992300,Mohammed Al Hoish,Ar-Rass Stadium,Rass,Match Finished,FT,307,Pro League,2024,Regular Season - 28,10509,Al Kholood,2956,Damac,1,3,0,2,1,3,10.0,7.0,20.0,3.0,11.0,9.0,15,9.0,2.0,58.0,2.0,,,413,345,84.0,3.0,2.0,5,,2.0,3.0,13,3.0,1.0,42.0,1.0,,8.0,297,230,77.0
1252668,2025-04-18,1744993200,I. Kružliak,Prince Abdullah Al Faisal Sports City Stadium,Jeddah,Match Finished,FT,307,Pro League,2024,Regular Season - 28,2929,Al-Ahli Jeddah,2944,Al-Fayha,5,0,3,0,5,0,5.0,7.0,17.0,5.0,12.0,5.0,16,5.0,2.0,57.0,2.0,,1.0,479,410,86.0,1.0,1.0,2,,2.0,,10,4.0,,43.0,2.0,1.0,,369,303,82.0
1252666,2025-04-18,1744999200,S. Marciniak,Prince Mohamed bin Fahd Stadium,Dammam,Match Finished,FT,307,Pro League,2024,Regular Season - 28,2933,Al-Qadisiyah FC,2939,Al-Nassr,2,1,1,0,2,1,7.0,3.0,12.0,2.0,8.0,4.0,19,4.0,1.0,38.0,6.0,,2.0,310,250,81.0,3.0,4.0,11,4.0,7.0,4.0,14,6.0,7.0,62.0,3.0,,5.0,524,461,88.0
1252665,2025-04-19,1745079900,Abdallah Dafar,Al-Jouf University Stadium,Sakakah,Match Finished,FT,307,Pro League,2024,Regular Season - 28,2961,Al Orubah,2935,Al-Raed,0,4,0,1,0,4,8.0,3.0,12.0,1.0,9.0,3.0,15,9.0,,57.0,2.0,,3.0,472,412,87.0,8.0,3.0,14,3.0,7.0,7.0,8,5.0,1.0,43.0,,,8.0,367,306,83.0
1252669,2025-04-19,1745085600,Khalid Al Turais,Al Taawoun Club Stadium,Buraidah,Match Finished,FT,307,Pro League,2024,Regular Season - 28,2936,Al Taawon,2937,Al Wehda Club,0,2,0,1,0,2,2.0,8.0,13.0,3.0,10.0,3.0,9,9.0,2.0,66.0,1.0,,1.0,485,409,84.0,3.0,5.0,9,1.0,6.0,3.0,16,2.0,1.0,34.0,3.0,,1.0,260,185,71.0
1252671,2025-04-21,1745250900,R. Obrenović,Kingdom Arena,Riyadh,Match Finished,FT,307,Pro League,2024,Regular Season - 29,2932,Al-Hilal Saudi FC,2940,Al Shabab,2,2,1,1,2,2,6.0,7.0,14.0,1.0,12.0,2.0,12,4.0,3.0,53.0,2.0,,5.0,431,365,85.0,7.0,4.0,13,2.0,5.0,8.0,9,8.0,4.0,47.0,5.0,,4.0,393,312,79.0
1252675,2025-04-21,1745258400,G. Kabakov,Prince Abdullah Al Faisal Sports City Stadium,Jeddah,Match Finished,FT,307,Pro League,2024,Regular Season - 29,2938,Al-Ittihad FC,2934,Al-Ettifaq,3,2,3,1,3,2,6.0,4.0,12.0,2.0,9.0,3.0,7,3.0,,48.0,3.0,,,450,391,87.0,1.0,6.0,13,6.0,6.0,7.0,3,8.0,2.0,52.0,1.0,,3.0,480,419,87.0
1252672,2025-04-22,1745337900,T. Bognár,Prince Sultan bin Abdulaziz Sports City Stadium,Abha,Match Finished,FT,307,Pro League,2024,Regular Season - 29,2956,Damac,2939,Al-Nassr,2,3,1,1,2,3,4.0,4.0,13.0,5.0,6.0,7.0,10,5.0,1.0,34.0,3.0,,1.0,250,198,79.0,4.0,5.0,12,3.0,8.0,4.0,14,8.0,2.0,66.0,4.0,,2.0,485,426,88.0
1252673,2025-04-22,1745338800,João Pedro Pinheiro,King Abdulaziz Sports City Stadium,Mecca,Match Finished,FT,307,Pro League,2024,Regular Season - 29,2937,Al Wehda Club,2929,Al-Ahli Jeddah,2,3,0,1,2,3,4.0,4.0,14.0,6.0,9.0,5.0,9,8.0,1.0,55.0,2.0,,2.0,405,331,82.0,5.0,6.0,14,3.0,10.0,4.0,14,4.0,4.0,45.0,,,2.0,335,275,82.0
1252674,2025-04-23,1745423700,Faisal Alblwi,Prince Faisal bin Fahd Stadium,Riyadh,Match Finished,FT,307,Pro League,2024,Regular Season - 29,10511,Al Riyadh,2931,Al-Fateh,2,2,1,1,2,2,5.0,2.0,12.0,5.0,7.0,5.0,9,3.0,2.0,40.0,2.0,,5.0,287,220,77.0,7.0,2.0,15,6.0,9.0,6.0,10,8.0,3.0,60.0,,,3.0,439,377,86.0
1252679,2025-04-23,1745424600,N. Dabanović,Ar-Rass Stadium,Rass,Match Finished,FT,307,Pro League,2024,Regular Season - 29,10509,Al Kholood,2977,Al Akhdoud,0,1,0,0,0,1,3.0,1.0,6.0,2.0,4.0,2.0,10,2.0,,54.0,1.0,,4.0,365,303,83.0,5.0,7.0,14,2.0,9.0,5.0,17,4.0,4.0,46.0,3.0,,3.0,303,252,83.0
1252677,2025-04-23,1745431200,I. Kovács,Prince Mohamed bin Fahd Stadium,Dammam,Match Finished,FT,307,Pro League,2024,Regular Season - 29,2928,Al Khaleej Saihat,2933,Al-Qadisiyah FC,1,1,1,0,1,1,2.0,4.0,9.0,3.0,6.0,3.0,9,2.0,1.0,35.0,4.0,,7.0,309,244,79.0,8.0,11.0,23,4.0,15.0,8.0,19,13.0,,65.0,2.0,,1.0,547,492,90.0
1252678,2025-04-24,1745512200,Abdullah Al-Kharbosh,Al-Jouf University Stadium,Sakakah,Match Finished,FT,307,Pro League,2024,Regular Season - 29,2961,Al Orubah,2944,Al-Fayha,2,2,2,0,2,2,4.0,2.0,8.0,2.0,7.0,1.0,16,3.0,2.0,27.0,4.0,,4.0,210,137,65.0,6.0,2.0,10,2.0,4.0,6.0,15,7.0,4.0,73.0,2.0,,2.0,547,465,85.0
1252676,2025-04-24,1745517600,Majed Alshamrani,King Abdullah Sport City Stadium,Buraidah,Match Finished,FT,307,Pro League,2024,Regular Season - 29,2936,Al Taawon,2935,Al-Raed,4,3,3,1,4,3,6.0,4.0,14.0,4.0,12.0,2.0,16,6.0,1.0,56.0,4.0,,2.0,405,355,88.0,5.0,6.0,15,4.0,12.0,3.0,13,10.0,2.0,44.0,3.0,,3.0,310,256,83.0
1252680,2025-05-01,1746115200,S. Jablonski,Prince Hathloul Bin Abdul Aziz Sport City Stadium,Najran,Match Finished,FT,307,Pro League,2024,Regular Season - 30,2977,Al Akhdoud,2937,Al Wehda Club,1,2,0,0,1,2,3.0,8.0,16.0,5.0,12.0,4.0,12,6.0,3.0,55.0,,,1.0,336,261,78.0,3.0,4.0,10,3.0,6.0,4.0,11,2.0,1.0,45.0,1.0,,2.0,283,210,74.0
1252683,2025-05-01,1746115200,Mohammed Al Hoish,Prince Faisal bin Fahd Stadium,Riyadh,Match Finished,FT,307,Pro League,2024,Regular Season - 30,10511,Al Riyadh,2961,Al Orubah,2,4,2,1,2,4,7.0,7.0,17.0,3.0,10.0,7.0,7,5.0,2.0,63.0,1.0,,3.0,516,459,89.0,7.0,5.0,14,2.0,11.0,3.0,11,4.0,2.0,37.0,3.0,,5.0,294,223,76.0
1252685,2025-05-01,1746122400,Khalid Al Turais,Al Fateh Club Stadium,Al-Hofuf,Match Finished,FT,307,Pro League,2024,Regular Season - 30,2931,Al-Fateh,2940,Al Shabab,3,1,3,1,3,1,6.0,7.0,13.0,,6.0,7.0,14,5.0,1.0,37.0,3.0,,1.0,274,229,84.0,3.0,7.0,16,6.0,11.0,5.0,9,12.0,,63.0,3.0,1.0,3.0,451,384,85.0
1252688,2025-05-02,1746201000,Abdallah Dafar,EGO Stadium,Dammam,Match Finished,FT,307,Pro League,2024,Regular Season - 30,2934,Al-Ettifaq,2928,Al Khaleej Saihat,2,1,1,1,2,1,8.0,9.0,19.0,2.0,9.0,10.0,12,2.0,2.0,52.0,2.0,,5.0,397,341,86.0,6.0,5.0,12,1.0,10.0,2.0,12,3.0,1.0,48.0,2.0,,6.0,364,299,82.0
1252687,2025-05-02,1746201900,Mohammed Al Ismail,Al Majma'ah Sports City Stadium,Al Majma'ah,Match Finished,FT,307,Pro League,2024,Regular Season - 30,2944,Al-Fayha,2956,Damac,2,1,0,1,2,1,2.0,10.0,16.0,4.0,13.0,3.0,15,7.0,2.0,53.0,4.0,,1.0,403,338,84.0,2.0,5.0,9,2.0,6.0,3.0,7,4.0,3.0,47.0,2.0,,1.0,356,293,82.0
1252682,2025-05-02,1746208800,A. Treimanis,Prince Mohamed bin Fahd Stadium,Dammam,Match Finished,FT,307,Pro League,2024,Regular Season - 30,2933,Al-Qadisiyah FC,10509,Al Kholood,4,1,3,0,4,1,12.0,7.0,25.0,6.0,17.0,8.0,14,6.0,1.0,65.0,1.0,,2.0,570,497,87.0,3.0,2.0,6,1.0,2.0,4.0,18,3.0,2.0,35.0,5.0,,8.0,304,244,80.0
1252684,2025-05-07,1746634500,D. Rumšas,King Abdullah Sport City Stadium,Buraidah,Match Finished,FT,307,Pro League,2024,Regular Season - 30,2935,Al-Raed,2932,Al-Hilal Saudi FC,3,5,1,2,3,5,6.0,2.0,10.0,2.0,8.0,2.0,6,1.0,2.0,36.0,1.0,,5.0,343,286,83.0,9.0,4.0,18,5.0,13.0,5.0,8,9.0,2.0,64.0,2.0,,4.0,616,553,90.0
1252681,2025-05-07,1746635100,S. Schärer,Prince Abdullah Al Faisal Sports City Stadium,Jeddah,Match Finished,FT,307,Pro League,2024,Regular Season - 30,2929,Al-Ahli Jeddah,2936,Al Taawon,2,0,2,0,2,0,7.0,1.0,8.0,,8.0,,16,4.0,1.0,43.0,2.0,,1.0,343,280,82.0,2.0,7.0,10,1.0,7.0,3.0,16,3.0,,57.0,3.0,,5.0,462,400,87.0
1252686,2025-05-07,1746640800,D. Makkelie,Al-Awwal Park,Riyadh,Match Finished,FT,307,Pro League,2024,Regular Season - 30,2939,Al-Nassr,2938,Al-Ittihad FC,2,3,2,0,2,3,5.0,6.0,15.0,4.0,11.0,4.0,12,3.0,2.0,54.0,2.0,,3.0,459,388,85.0,6.0,5.0,12,1.0,11.0,1.0,13,5.0,,46.0,4.0,1.0,3.0,387,329,85.0
1252690,2025-05-10,1746894000,Faisal Alblwi,Ar-Rass Stadium,Rass,Match Finished,FT,307,Pro League,2024,Regular Season - 31,10509,Al Kholood,2934,Al-Ettifaq,1,0,0,0,1,0,7.0,6.0,17.0,4.0,11.0,6.0,4,5.0,1.0,27.0,2.0,,1.0,222,169,76.0,1.0,4.0,8,3.0,4.0,4.0,8,7.0,,73.0,4.0,1.0,6.0,609,535,88.0
1252692,2025-05-10,1746894300,Majed Alshamrani,Prince Abdullah Al Faisal Sports City Stadium,Jeddah,Match Finished,FT,307,Pro League,2024,Regular Season - 31,2937,Al Wehda Club,2931,Al-Fateh,1,0,1,0,1,0,2.0,2.0,5.0,1.0,3.0,2.0,24,2.0,,34.0,3.0,,2.0,247,167,68.0,2.0,10.0,16,4.0,9.0,7.0,15,9.0,1.0,66.0,2.0,,1.0,464,381,82.0
1252689,2025-05-10,1746900000,Sami Al Jires,Prince Mohamed bin Fahd Stadium,Dammam,Match Finished,FT,307,Pro League,2024,Regular Season - 31,2928,Al Khaleej Saihat,10511,Al Riyadh,1,2,1,0,1,2,3.0,7.0,11.0,1.0,8.0,3.0,8,3.0,3.0,42.0,4.0,,2.0,361,287,80.0,4.0,5.0,10,1.0,6.0,4.0,15,4.0,1.0,58.0,1.0,,2.0,494,428,87.0
1252693,2025-05-11,1746979500,F. Zwayer,Al-Shabab Club Stadium,Riyadh,Match Finished,FT,307,Pro League,2024,Regular Season - 31,2940,Al Shabab,2929,Al-Ahli Jeddah,3,1,2,1,3,1,6.0,4.0,10.0,,9.0,1.0,10,2.0,1.0,50.0,8.0,1.0,4.0,377,318,84.0,5.0,6.0,15,4.0,9.0,6.0,9,7.0,1.0,50.0,5.0,,2.0,367,310,84.0
1252691,2025-05-11,1746979800,Khalid Al Turais,Dhamak Club Stadium,Khamis Mushait,Match Finished,FT,307,Pro League,2024,Regular Season - 31,2956,Damac,2935,Al-Raed,1,0,0,0,1,0,3.0,6.0,13.0,4.0,9.0,4.0,12,3.0,1.0,52.0,4.0,,2.0,445,383,86.0,2.0,6.0,12,4.0,9.0,3.0,12,4.0,,48.0,4.0,,2.0,406,342,84.0
1252694,2025-05-11,1746980100,D. Rumšas,Al Taawoun Club Stadium,Buraidah,Match Finished,FT,307,Pro League,2024,Regular Season - 31,2936,Al Taawon,2933,Al-Qadisiyah FC,0,1,0,0,0,1,2.0,6.0,9.0,1.0,3.0,6.0,7,3.0,4.0,63.0,,,5.0,632,572,91.0,6.0,9.0,17,2.0,15.0,2.0,5,3.0,,37.0,1.0,,2.0,363,308,85.0
1252697,2025-05-11,1746986400,N. Dabanović,Prince Abdullah Al Faisal Sports City Stadium,Jeddah,Match Finished,FT,307,Pro League,2024,Regular Season - 31,2938,Al-Ittihad FC,2944,Al-Fayha,3,0,1,0,3,0,4.0,2.0,9.0,3.0,8.0,1.0,3,7.0,2.0,59.0,,,1.0,605,535,88.0,1.0,3.0,8,4.0,7.0,1.0,12,6.0,2.0,41.0,1.0,,2.0,416,377,91.0
1252695,2025-05-12,1747065900,E. Lambrechts,Kingdom Arena,Riyadh,Match Finished,FT,307,Pro League,2024,Regular Season - 31,2932,Al-Hilal Saudi FC,2961,Al Orubah,4,0,1,0,4,0,12.0,3.0,22.0,7.0,17.0,5.0,12,11.0,4.0,71.0,,,1.0,761,694,91.0,2.0,4.0,6,,3.0,3.0,7,1.0,2.0,29.0,1.0,1.0,8.0,300,237,79.0
1252696,2025-05-12,1747072800,A. Sidiropoulos,Prince Hathloul Bin Abdul Aziz Sport City Stadium,Najran,Match Finished,FT,307,Pro League,2024,Regular Season - 31,2977,Al Akhdoud,2939,Al-Nassr,0,9,0,4,0,9,1.0,2.0,4.0,1.0,2.0,2.0,12,4.0,,25.0,,1.0,6.0,215,165,77.0,15.0,5.0,25,5.0,19.0,6.0,8,2.0,1.0,75.0,2.0,,1.0,652,610,94.0
1252706,2025-05-15,1747324500,G. Kabakov,Prince Mohamed bin Fahd Stadium,Dammam,Match Finished,FT,307,Pro League,2024,Regular Season - 32,2933,Al-Qadisiyah FC,2937,Al Wehda Club,3,1,1,1,3,1,9.0,5.0,17.0,3.0,10.0,7.0,8,6.0,2.0,66.0,2.0,,1.0,587,522,89.0,2.0,3.0,7,2.0,5.0,2.0,8,1.0,2.0,34.0,2.0,,6.0,301,237,79.0
1252705,2025-05-15,1747325100,Mohammed Al Ismail,Prince Faisal bin Fahd Stadium,Riyadh,Match Finished,FT,307,Pro League,2024,Regular Season - 32,10511,Al Riyadh,2940,Al Shabab,1,3,1,2,1,3,2.0,7.0,12.0,3.0,5.0,7.0,8,4.0,4.0,48.0,7.0,,4.0,405,351,87.0,7.0,2.0,13,4.0,9.0,4.0,18,2.0,,52.0,4.0,,1.0,447,396,89.0
1252700,2025-05-15,1747332000,R. Obrenović,King Abdullah Sport City Stadium,Buraidah,Match Finished,FT,307,Pro League,2024,Regular Season - 32,2935,Al-Raed,2938,Al-Ittihad FC,1,3,1,2,1,3,3.0,4.0,8.0,1.0,5.0,3.0,13,2.0,,35.0,2.0,,3.0,303,253,83.0,6.0,6.0,15,3.0,13.0,2.0,16,8.0,2.0,65.0,2.0,,2.0,562,502,89.0
1252702,2025-05-16,1747410900,M. Escobar,Al Fateh Club Stadium,Al-Hofuf,Match Finished,FT,307,Pro League,2024,Regular Season - 32,2931,Al-Fateh,2932,Al-Hilal Saudi FC,3,4,2,0,3,4,6.0,8.0,20.0,6.0,10.0,10.0,10,8.0,2.0,34.0,4.0,,9.0,263,191,73.0,13.0,8.0,30,9.0,24.0,6.0,8,9.0,2.0,66.0,2.0,,3.0,530,448,85.0
1252701,2025-05-16,1747413600,Faisal Alblwi,Al-Jouf University Stadium,Sakakah,Match Finished,FT,307,Pro League,2024,Regular Season - 32,2961,Al Orubah,2928,Al Khaleej Saihat,1,2,1,1,1,2,3.0,7.0,14.0,4.0,11.0,3.0,20,2.0,4.0,40.0,4.0,,3.0,332,267,80.0,5.0,8.0,14,1.0,10.0,4.0,10,5.0,1.0,60.0,4.0,,2.0,508,443,87.0
1252699,2025-05-16,1747418400,Rafael Rodrigo Klein,Al-Awwal Park,Riyadh,Match Finished,FT,307,Pro League,2024,Regular Season - 32,2939,Al-Nassr,2936,Al Taawon,1,1,0,0,1,1,7.0,8.0,21.0,6.0,15.0,6.0,7,12.0,,63.0,3.0,,3.0,506,460,91.0,4.0,3.0,7,,4.0,3.0,14,1.0,,37.0,1.0,,5.0,301,244,81.0
1252704,2025-05-17,1747497300,Abdullah Al-Kharbosh,EGO Stadium,Dammam,Match Finished,FT,307,Pro League,2024,Regular Season - 32,2934,Al-Ettifaq,2956,Damac,0,0,0,0,0,0,5.0,4.0,11.0,2.0,6.0,5.0,15,7.0,,63.0,,,3.0,507,447,88.0,3.0,4.0,10,3.0,2.0,8.0,12,2.0,4.0,37.0,1.0,,4.0,299,237,79.0
1252698,2025-05-17,1747498500,S. Ivanov,Al Majma'ah Sports City Stadium,Al Majma'ah,Match Finished,FT,307,Pro League,2024,Regular Season - 32,2944,Al-Fayha,2977,Al Akhdoud,2,0,0,0,2,0,6.0,1.0,9.0,2.0,7.0,2.0,17,5.0,2.0,66.0,1.0,,1.0,490,439,90.0,1.0,5.0,6,,4.0,2.0,17,3.0,2.0,34.0,1.0,,3.0,241,181,75.0
1252703,2025-05-17,1747504800,L. Rey Hilfer,Prince Abdullah Al Faisal Sports City Stadium,Jeddah,Match Finished,FT,307,Pro League,2024,Regular Season - 32,2929,Al-Ahli Jeddah,10509,Al Kholood,4,1,0,0,4,1,7.0,6.0,17.0,4.0,10.0,7.0,12,2.0,,59.0,2.0,,3.0,443,380,86.0,3.0,5.0,10,2.0,6.0,4.0,8,1.0,1.0,41.0,4.0,,3.0,319,245,77.0
1252715,2025-05-20,1747756800,A. Sidiropoulos,Prince Mohamed bin Fahd Stadium,Dammam,Match Finished,FT,307,Pro League,2024,Regular Season - 33,2933,Al-Qadisiyah FC,2961,Al Orubah,3,1,0,0,3,1,7.0,7.0,17.0,3.0,15.0,2.0,10,4.0,,63.0,1.0,,3.0,551,491,89.0,4.0,6.0,15,5.0,9.0,6.0,15,6.0,,37.0,3.0,,4.0,319,262,82.0
1252710,2025-05-20,1747758000,Fareeh Al Jaloud,Al Taawoun Club Stadium,Buraidah,Match Finished,FT,307,Pro League,2024,Regular Season - 33,2936,Al Taawon,10511,Al Riyadh,3,2,1,2,3,2,5.0,8.0,14.0,1.0,10.0,4.0,10,5.0,4.0,58.0,1.0,,5.0,502,452,90.0,7.0,3.0,10,,7.0,3.0,9,2.0,1.0,42.0,,,2.0,362,304,84.0
1252711,2025-05-20,1747764000,João Pedro Pinheiro,Al-Shabab Club Stadium,Riyadh,Match Finished,FT,307,Pro League,2024,Regular Season - 33,2940,Al Shabab,2938,Al-Ittihad FC,2,3,1,2,2,3,9.0,7.0,21.0,5.0,17.0,4.0,9,9.0,1.0,50.0,2.0,,,452,396,88.0,3.0,2.0,6,1.0,5.0,1.0,15,2.0,1.0,50.0,2.0,,8.0,466,403,86.0
1252709,2025-05-21,1747843800,D. Siebert,Al-Awwal Park,Riyadh,Match Finished,FT,307,Pro League,2024,Regular Season - 33,2939,Al-Nassr,2928,Al Khaleej Saihat,2,0,0,0,2,0,7.0,5.0,14.0,2.0,13.0,1.0,14,7.0,5.0,66.0,1.0,,3.0,587,525,89.0,3.0,4.0,13,6.0,7.0,6.0,7,3.0,,34.0,2.0,,4.0,309,252,82.0
1252714,2025-05-21,1747844700,Mohammed Al Hoish,Ar-Rass Stadium,Rass,Match Finished,FT,307,Pro League,2024,Regular Season - 33,10509,Al Kholood,2944,Al-Fayha,2,0,1,0,2,0,9.0,4.0,15.0,2.0,9.0,6.0,9,3.0,1.0,39.0,,,2.0,296,244,82.0,3.0,5.0,9,1.0,7.0,2.0,15,6.0,2.0,61.0,3.0,,6.0,462,394,85.0
1252713,2025-05-21,1747850400,J. Valenzuela,Prince Abdullah Al Faisal Sports City Stadium,Jeddah,Match Finished,FT,307,Pro League,2024,Regular Season - 33,2937,Al Wehda Club,2932,Al-Hilal Saudi FC,1,1,0,0,1,1,2.0,2.0,5.0,1.0,2.0,3.0,11,6.0,4.0,35.0,4.0,,2.0,283,214,76.0,3.0,8.0,17,6.0,9.0,8.0,9,7.0,2.0,65.0,2.0,,1.0,523,456,87.0
1252712,2025-05-22,1747929900,D. Herrera,Prince Hathloul Bin Abdul Aziz Sport City Stadium,Najran,Match Finished,FT,307,Pro League,2024,Regular Season - 33,2977,Al Akhdoud,2935,Al-Raed,1,0,0,0,1,0,2.0,4.0,11.0,5.0,5.0,6.0,11,3.0,2.0,49.0,2.0,,3.0,349,284,81.0,3.0,3.0,11,5.0,6.0,5.0,10,6.0,4.0,51.0,2.0,,1.0,374,318,85.0
1252707,2025-05-22,1747930500,Faisal Alblwi,Dhamak Club Stadium,Khamis Mushait,Match Finished,FT,307,Pro League,2024,Regular Season - 33,2956,Damac,2931,Al-Fateh,0,1,0,0,0,1,4.0,8.0,13.0,1.0,8.0,5.0,12,5.0,,45.0,4.0,1.0,4.0,285,220,77.0,6.0,3.0,13,4.0,9.0,4.0,10,4.0,1.0,55.0,1.0,,4.0,350,296,85.0
1252708,2025-05-22,1747936800,N. Dabanović,Prince Abdullah Al Faisal Sports City Stadium,Jeddah,Match Finished,FT,307,Pro League,2024,Regular Season - 33,2929,Al-Ahli Jeddah,2934,Al-Ettifaq,1,3,1,0,1,3,4.0,8.0,13.0,1.0,8.0,5.0,12,5.0,5.0,49.0,1.0,,4.0,337,265,79.0,8.0,5.0,13,,7.0,6.0,12,3.0,1.0,51.0,1.0,,3.0,362,307,85.0
1252716,2025-05-26,1748282400,Khalid Al Turais,Prince Mohamed bin Fahd Stadium,Dammam,Match Finished,FT,307,Pro League,2024,Regular Season - 34,2928,Al Khaleej Saihat,2977,Al Akhdoud,2,3,0,0,2,3,3.0,3.0,8.0,2.0,5.0,3.0,15,3.0,1.0,60.0,2.0,,2.0,532,467,88.0,5.0,11.0,23,7.0,17.0,6.0,16,11.0,,40.0,3.0,,1.0,331,277,84.0
1252717,2025-05-26,1748282400,S. Marciniak,Al Fateh Club Stadium,Al-Hofuf,Match Finished,FT,307,Pro League,2024,Regular Season - 34,2931,Al-Fateh,2939,Al-Nassr,3,2,1,1,3,2,6.0,6.0,13.0,1.0,8.0,5.0,14,8.0,,41.0,4.0,,5.0,315,240,76.0,7.0,5.0,17,5.0,10.0,7.0,18,6.0,1.0,59.0,3.0,,4.0,468,397,85.0
1252722,2025-05-26,1748282400,H. Osmers,Kingdom Arena,Riyadh,Match Finished,FT,307,Pro League,2024,Regular Season - 34,2932,Al-Hilal Saudi FC,2933,Al-Qadisiyah FC,2,0,1,0,2,0,8.0,6.0,16.0,2.0,13.0,3.0,16,3.0,1.0,50.0,1.0,,1.0,486,420,86.0,1.0,,4,3.0,2.0,2.0,12,2.0,,50.0,,,6.0,483,410,85.0
1252724,2025-05-26,1748282400,Sami Al Jires,EGO Stadium,Dammam,Match Finished,FT,307,Pro League,2024,Regular Season - 34,2934,Al-Ettifaq,2937,Al Wehda Club,2,1,1,0,2,1,4.0,6.0,12.0,2.0,7.0,5.0,6,1.0,1.0,62.0,,,4.0,529,461,87.0,5.0,7.0,20,8.0,10.0,10.0,8,8.0,5.0,38.0,1.0,,2.0,313,252,81.0
1252719,2025-05-26,1748282400,Ali Al Qahtani,Al Raid Club Stadium,Buraidah,Match Finished,FT,307,Pro League,2024,Regular Season - 34,2935,Al-Raed,10509,Al Kholood,1,2,0,1,1,2,5.0,7.0,18.0,6.0,11.0,7.0,11,4.0,4.0,50.0,3.0,1.0,5.0,393,344,88.0,7.0,9.0,18,2.0,11.0,7.0,10,3.0,2.0,50.0,3.0,,4.0,387,345,89.0
1252718,2025-05-26,1748282400,Majed Alshamrani,Al Inma Bank Stadium at King Abdullah Sport City,Jeddah,Match Finished,FT,307,Pro League,2024,Regular Season - 34,2938,Al-Ittihad FC,2956,Damac,1,0,0,0,1,0,8.0,8.0,18.0,2.0,13.0,5.0,14,3.0,1.0,59.0,,,1.0,547,503,92.0,1.0,2.0,4,1.0,1.0,3.0,11,,,41.0,1.0,,7.0,396,347,88.0
1252721,2025-05-26,1748282400,Abdullah Zarban,Al Majma'ah Sports City Stadium,Al Majma'ah,Match Finished,FT,307,Pro League,2024,Regular Season - 34,2944,Al-Fayha,2940,Al Shabab,0,2,0,1,0,2,1.0,5.0,7.0,1.0,6.0,1.0,7,7.0,4.0,54.0,2.0,,4.0,456,404,89.0,6.0,4.0,14,4.0,6.0,8.0,13,8.0,1.0,46.0,1.0,,1.0,397,347,87.0
1252720,2025-05-26,1748282400,Mohammed Al Ismail,Al-Jouf University Stadium,Sakakah,Match Finished,FT,307,Pro League,2024,Regular Season - 34,2961,Al Orubah,2936,Al Taawon,3,2,2,2,3,2,7.0,4.0,13.0,2.0,12.0,1.0,10,3.0,,34.0,3.0,,2.0,283,226,80.0,5.0,7.0,16,4.0,6.0,10.0,11,8.0,3.0,66.0,1.0,,4.0,553,499,90.0
1252723,2025-05-26,1748282400,A. Treimanis,Prince Faisal bin Fahd Stadium,Riyadh,Match Finished,FT,307,Pro League,2024,Regular Season - 34,10511,Al Riyadh,2929,Al-Ahli Jeddah,0,1,0,1,0,1,2.0,6.0,12.0,4.0,4.0,8.0,11,4.0,1.0,55.0,2.0,,1.0,395,348,88.0,3.0,6.0,12,3.0,9.0,3.0,14,6.0,6.0,45.0,3.0,,2.0,322,268,83.0
